experiment_id,snapshot_id,scenario,configuration,window_count,metric,unit,run,value,iterations,instrument,local_artifact,notes
"EXP-WINMAN-RECENT-IDLE-BASELINE","FWM-PERF-20260905-4fb943b-tree48c574b-u3","Win32Workspace.OnRecentTimerWatch, empty recent-window list","Release; net10.0-windows7.0; x64; no debugger; DOTNET_TieredCompilation=0",0,"elapsed","ns/op",1,39.5468,250000,"Stopwatch.GetTimestamp","artifacts/performance/FWM-PERF-20260905-4fb943b-tree48c574b-u3/performance-harness-tiered-off.csv","Raw ignored local artifact; managed isolated harness"
"EXP-WINMAN-RECENT-IDLE-BASELINE","FWM-PERF-20260905-4fb943b-tree48c574b-u3","Win32Workspace.OnRecentTimerWatch, empty recent-window list","Release; net10.0-windows7.0; x64; no debugger; DOTNET_TieredCompilation=0",0,"managed_allocated","bytes/op",1,64,250000,"GC.GetAllocatedBytesForCurrentThread","artifacts/performance/FWM-PERF-20260905-4fb943b-tree48c574b-u3/performance-harness-tiered-off.csv","Raw ignored local artifact; managed isolated harness"
"EXP-WINMAN-RECENT-IDLE-BASELINE","FWM-PERF-20260905-4fb943b-tree48c574b-u3","Win32Workspace.OnRecentTimerWatch, empty recent-window list","Release; net10.0-windows7.0; x64; no debugger; DOTNET_TieredCompilation=0",0,"gen0_collections","count/run",1,0,250000,"GC.CollectionCount","artifacts/performance/FWM-PERF-20260905-4fb943b-tree48c574b-u3/performance-harness-tiered-off.csv","Raw ignored local artifact; managed isolated harness"
"EXP-WINMAN-RECENT-IDLE-BASELINE","FWM-PERF-20260905-4fb943b-tree48c574b-u3","Win32Workspace.OnRecentTimerWatch, empty recent-window list","Release; net10.0-windows7.0; x64; no debugger; DOTNET_TieredCompilation=0",0,"gen1_collections","count/run",1,0,250000,"GC.CollectionCount","artifacts/performance/FWM-PERF-20260905-4fb943b-tree48c574b-u3/performance-harness-tiered-off.csv","Raw ignored local artifact; managed isolated harness"
"EXP-WINMAN-RECENT-IDLE-BASELINE","FWM-PERF-20260905-4fb943b-tree48c574b-u3","Win32Workspace.OnRecentTimerWatch, empty recent-window list","Release; net10.0-windows7.0; x64; no debugger; DOTNET_TieredCompilation=0",0,"gen2_collections","count/run",1,0,250000,"GC.CollectionCount","artifacts/performance/FWM-PERF-20260905-4fb943b-tree48c574b-u3/performance-harness-tiered-off.csv","Raw ignored local artifact; managed isolated harness"
"EXP-WINMAN-RECENT-IDLE-GUARD-MODEL","FWM-PERF-20260905-4fb943b-tree48c574b-u3","Empty recent-window fast-path guard model","Release; net10.0-windows7.0; x64; no debugger; DOTNET_TieredCompilation=0",0,"elapsed","ns/op",1,2.11,250000,"Stopwatch.GetTimestamp","artifacts/performance/FWM-PERF-20260905-4fb943b-tree48c574b-u3/performance-harness-tiered-off.csv","Raw ignored local artifact; managed isolated harness"
"EXP-WINMAN-RECENT-IDLE-GUARD-MODEL","FWM-PERF-20260905-4fb943b-tree48c574b-u3","Empty recent-window fast-path guard model","Release; net10.0-windows7.0; x64; no debugger; DOTNET_TieredCompilation=0",0,"managed_allocated","bytes/op",1,0,250000,"GC.GetAllocatedBytesForCurrentThread","artifacts/performance/FWM-PERF-20260905-4fb943b-tree48c574b-u3/performance-harness-tiered-off.csv","Raw ignored local artifact; managed isolated harness"
"EXP-WINMAN-RECENT-IDLE-GUARD-MODEL","FWM-PERF-20260905-4fb943b-tree48c574b-u3","Empty recent-window fast-path guard model","Release; net10.0-windows7.0; x64; no debugger; DOTNET_TieredCompilation=0",0,"gen0_collections","count/run",1,0,250000,"GC.CollectionCount","artifacts/performance/FWM-PERF-20260905-4fb943b-tree48c574b-u3/performance-harness-tiered-off.csv","Raw ignored local artifact; managed isolated harness"
"EXP-WINMAN-RECENT-IDLE-GUARD-MODEL","FWM-PERF-20260905-4fb943b-tree48c574b-u3","Empty recent-window fast-path guard model","Release; net10.0-windows7.0; x64; no debugger; DOTNET_TieredCompilation=0",0,"gen1_collections","count/run",1,0,250000,"GC.CollectionCount","artifacts/performance/FWM-PERF-20260905-4fb943b-tree48c574b-u3/performance-harness-tiered-off.csv","Raw ignored local artifact; managed isolated harness"
"EXP-WINMAN-RECENT-IDLE-GUARD-MODEL","FWM-PERF-20260905-4fb943b-tree48c574b-u3","Empty recent-window fast-path guard model","Release; net10.0-windows7.0; x64; no debugger; DOTNET_TieredCompilation=0",0,"gen2_collections","count/run",1,0,250000,"GC.CollectionCount","artifacts/performance/FWM-PERF-20260905-4fb943b-tree48c574b-u3/performance-harness-tiered-off.csv","Raw ignored local artifact; managed isolated harness"
"EXP-WINMAN-RECENT-IDLE-GUARD-MODEL","FWM-PERF-20260905-4fb943b-tree48c574b-u3","Empty recent-window fast-path guard model","Release; net10.0-windows7.0; x64; no debugger; DOTNET_TieredCompilation=0",0,"elapsed","ns/op",2,1.9048,250000,"Stopwatch.GetTimestamp","artifacts/performance/FWM-PERF-20260905-4fb943b-tree48c574b-u3/performance-harness-tiered-off.csv","Raw ignored local artifact; managed isolated harness"
"EXP-WINMAN-RECENT-IDLE-GUARD-MODEL","FWM-PERF-20260905-4fb943b-tree48c574b-u3","Empty recent-window fast-path guard model","Release; net10.0-windows7.0; x64; no debugger; DOTNET_TieredCompilation=0",0,"managed_allocated","bytes/op",2,0,250000,"GC.GetAllocatedBytesForCurrentThread","artifacts/performance/FWM-PERF-20260905-4fb943b-tree48c574b-u3/performance-harness-tiered-off.csv","Raw ignored local artifact; managed isolated harness"
"EXP-WINMAN-RECENT-IDLE-GUARD-MODEL","FWM-PERF-20260905-4fb943b-tree48c574b-u3","Empty recent-window fast-path guard model","Release; net10.0-windows7.0; x64; no debugger; DOTNET_TieredCompilation=0",0,"gen0_collections","count/run",2,0,250000,"GC.CollectionCount","artifacts/performance/FWM-PERF-20260905-4fb943b-tree48c574b-u3/performance-harness-tiered-off.csv","Raw ignored local artifact; managed isolated harness"
"EXP-WINMAN-RECENT-IDLE-GUARD-MODEL","FWM-PERF-20260905-4fb943b-tree48c574b-u3","Empty recent-window fast-path guard model","Release; net10.0-windows7.0; x64; no debugger; DOTNET_TieredCompilation=0",0,"gen1_collections","count/run",2,0,250000,"GC.CollectionCount","artifacts/performance/FWM-PERF-20260905-4fb943b-tree48c574b-u3/performance-harness-tiered-off.csv","Raw ignored local artifact; managed isolated harness"
"EXP-WINMAN-RECENT-IDLE-GUARD-MODEL","FWM-PERF-20260905-4fb943b-tree48c574b-u3","Empty recent-window fast-path guard model","Release; net10.0-windows7.0; x64; no debugger; DOTNET_TieredCompilation=0",0,"gen2_collections","count/run",2,0,250000,"GC.CollectionCount","artifacts/performance/FWM-PERF-20260905-4fb943b-tree48c574b-u3/performance-harness-tiered-off.csv","Raw ignored local artifact; managed isolated harness"
"EXP-WINMAN-RECENT-IDLE-BASELINE","FWM-PERF-20260905-4fb943b-tree48c574b-u3","Win32Workspace.OnRecentTimerWatch, empty recent-window list","Release; net10.0-windows7.0; x64; no debugger; DOTNET_TieredCompilation=0",0,"elapsed","ns/op",2,28.324,250000,"Stopwatch.GetTimestamp","artifacts/performance/FWM-PERF-20260905-4fb943b-tree48c574b-u3/performance-harness-tiered-off.csv","Raw ignored local artifact; managed isolated harness"
"EXP-WINMAN-RECENT-IDLE-BASELINE","FWM-PERF-20260905-4fb943b-tree48c574b-u3","Win32Workspace.OnRecentTimerWatch, empty recent-window list","Release; net10.0-windows7.0; x64; no debugger; DOTNET_TieredCompilation=0",0,"managed_allocated","bytes/op",2,64,250000,"GC.GetAllocatedBytesForCurrentThread","artifacts/performance/FWM-PERF-20260905-4fb943b-tree48c574b-u3/performance-harness-tiered-off.csv","Raw ignored local artifact; managed isolated harness"
"EXP-WINMAN-RECENT-IDLE-BASELINE","FWM-PERF-20260905-4fb943b-tree48c574b-u3","Win32Workspace.OnRecentTimerWatch, empty recent-window list","Release; net10.0-windows7.0; x64; no debugger; DOTNET_TieredCompilation=0",0,"gen0_collections","count/run",2,0,250000,"GC.CollectionCount","artifacts/performance/FWM-PERF-20260905-4fb943b-tree48c574b-u3/performance-harness-tiered-off.csv","Raw ignored local artifact; managed isolated harness"
"EXP-WINMAN-RECENT-IDLE-BASELINE","FWM-PERF-20260905-4fb943b-tree48c574b-u3","Win32Workspace.OnRecentTimerWatch, empty recent-window list","Release; net10.0-windows7.0; x64; no debugger; DOTNET_TieredCompilation=0",0,"gen1_collections","count/run",2,0,250000,"GC.CollectionCount","artifacts/performance/FWM-PERF-20260905-4fb943b-tree48c574b-u3/performance-harness-tiered-off.csv","Raw ignored local artifact; managed isolated harness"
"EXP-WINMAN-RECENT-IDLE-BASELINE","FWM-PERF-20260905-4fb943b-tree48c574b-u3","Win32Workspace.OnRecentTimerWatch, empty recent-window list","Release; net10.0-windows7.0; x64; no debugger; DOTNET_TieredCompilation=0",0,"gen2_collections","count/run",2,0,250000,"GC.CollectionCount","artifacts/performance/FWM-PERF-20260905-4fb943b-tree48c574b-u3/performance-harness-tiered-off.csv","Raw ignored local artifact; managed isolated harness"
"EXP-WINMAN-RECENT-IDLE-BASELINE","FWM-PERF-20260905-4fb943b-tree48c574b-u3","Win32Workspace.OnRecentTimerWatch, empty recent-window list","Release; net10.0-windows7.0; x64; no debugger; DOTNET_TieredCompilation=0",0,"elapsed","ns/op",3,23.1588,250000,"Stopwatch.GetTimestamp","artifacts/performance/FWM-PERF-20260905-4fb943b-tree48c574b-u3/performance-harness-tiered-off.csv","Raw ignored local artifact; managed isolated harness"
"EXP-WINMAN-RECENT-IDLE-BASELINE","FWM-PERF-20260905-4fb943b-tree48c574b-u3","Win32Workspace.OnRecentTimerWatch, empty recent-window list","Release; net10.0-windows7.0; x64; no debugger; DOTNET_TieredCompilation=0",0,"managed_allocated","bytes/op",3,64,250000,"GC.GetAllocatedBytesForCurrentThread","artifacts/performance/FWM-PERF-20260905-4fb943b-tree48c574b-u3/performance-harness-tiered-off.csv","Raw ignored local artifact; managed isolated harness"
"EXP-WINMAN-RECENT-IDLE-BASELINE","FWM-PERF-20260905-4fb943b-tree48c574b-u3","Win32Workspace.OnRecentTimerWatch, empty recent-window list","Release; net10.0-windows7.0; x64; no debugger; DOTNET_TieredCompilation=0",0,"gen0_collections","count/run",3,0,250000,"GC.CollectionCount","artifacts/performance/FWM-PERF-20260905-4fb943b-tree48c574b-u3/performance-harness-tiered-off.csv","Raw ignored local artifact; managed isolated harness"
"EXP-WINMAN-RECENT-IDLE-BASELINE","FWM-PERF-20260905-4fb943b-tree48c574b-u3","Win32Workspace.OnRecentTimerWatch, empty recent-window list","Release; net10.0-windows7.0; x64; no debugger; DOTNET_TieredCompilation=0",0,"gen1_collections","count/run",3,0,250000,"GC.CollectionCount","artifacts/performance/FWM-PERF-20260905-4fb943b-tree48c574b-u3/performance-harness-tiered-off.csv","Raw ignored local artifact; managed isolated harness"
"EXP-WINMAN-RECENT-IDLE-BASELINE","FWM-PERF-20260905-4fb943b-tree48c574b-u3","Win32Workspace.OnRecentTimerWatch, empty recent-window list","Release; net10.0-windows7.0; x64; no debugger; DOTNET_TieredCompilation=0",0,"gen2_collections","count/run",3,0,250000,"GC.CollectionCount","artifacts/performance/FWM-PERF-20260905-4fb943b-tree48c574b-u3/performance-harness-tiered-off.csv","Raw ignored local artifact; managed isolated harness"
"EXP-WINMAN-RECENT-IDLE-GUARD-MODEL","FWM-PERF-20260905-4fb943b-tree48c574b-u3","Empty recent-window fast-path guard model","Release; net10.0-windows7.0; x64; no debugger; DOTNET_TieredCompilation=0",0,"elapsed","ns/op",3,1.766,250000,"Stopwatch.GetTimestamp","artifacts/performance/FWM-PERF-20260905-4fb943b-tree48c574b-u3/performance-harness-tiered-off.csv","Raw ignored local artifact; managed isolated harness"
"EXP-WINMAN-RECENT-IDLE-GUARD-MODEL","FWM-PERF-20260905-4fb943b-tree48c574b-u3","Empty recent-window fast-path guard model","Release; net10.0-windows7.0; x64; no debugger; DOTNET_TieredCompilation=0",0,"managed_allocated","bytes/op",3,0,250000,"GC.GetAllocatedBytesForCurrentThread","artifacts/performance/FWM-PERF-20260905-4fb943b-tree48c574b-u3/performance-harness-tiered-off.csv","Raw ignored local artifact; managed isolated harness"
"EXP-WINMAN-RECENT-IDLE-GUARD-MODEL","FWM-PERF-20260905-4fb943b-tree48c574b-u3","Empty recent-window fast-path guard model","Release; net10.0-windows7.0; x64; no debugger; DOTNET_TieredCompilation=0",0,"gen0_collections","count/run",3,0,250000,"GC.CollectionCount","artifacts/performance/FWM-PERF-20260905-4fb943b-tree48c574b-u3/performance-harness-tiered-off.csv","Raw ignored local artifact; managed isolated harness"
"EXP-WINMAN-RECENT-IDLE-GUARD-MODEL","FWM-PERF-20260905-4fb943b-tree48c574b-u3","Empty recent-window fast-path guard model","Release; net10.0-windows7.0; x64; no debugger; DOTNET_TieredCompilation=0",0,"gen1_collections","count/run",3,0,250000,"GC.CollectionCount","artifacts/performance/FWM-PERF-20260905-4fb943b-tree48c574b-u3/performance-harness-tiered-off.csv","Raw ignored local artifact; managed isolated harness"
"EXP-WINMAN-RECENT-IDLE-GUARD-MODEL","FWM-PERF-20260905-4fb943b-tree48c574b-u3","Empty recent-window fast-path guard model","Release; net10.0-windows7.0; x64; no debugger; DOTNET_TieredCompilation=0",0,"gen2_collections","count/run",3,0,250000,"GC.CollectionCount","artifacts/performance/FWM-PERF-20260905-4fb943b-tree48c574b-u3/performance-harness-tiered-off.csv","Raw ignored local artifact; managed isolated harness"
"EXP-WINMAN-RECENT-IDLE-GUARD-MODEL","FWM-PERF-20260905-4fb943b-tree48c574b-u3","Empty recent-window fast-path guard model","Release; net10.0-windows7.0; x64; no debugger; DOTNET_TieredCompilation=0",0,"elapsed","ns/op",4,1.7648,250000,"Stopwatch.GetTimestamp","artifacts/performance/FWM-PERF-20260905-4fb943b-tree48c574b-u3/performance-harness-tiered-off.csv","Raw ignored local artifact; managed isolated harness"
"EXP-WINMAN-RECENT-IDLE-GUARD-MODEL","FWM-PERF-20260905-4fb943b-tree48c574b-u3","Empty recent-window fast-path guard model","Release; net10.0-windows7.0; x64; no debugger; DOTNET_TieredCompilation=0",0,"managed_allocated","bytes/op",4,0,250000,"GC.GetAllocatedBytesForCurrentThread","artifacts/performance/FWM-PERF-20260905-4fb943b-tree48c574b-u3/performance-harness-tiered-off.csv","Raw ignored local artifact; managed isolated harness"
"EXP-WINMAN-RECENT-IDLE-GUARD-MODEL","FWM-PERF-20260905-4fb943b-tree48c574b-u3","Empty recent-window fast-path guard model","Release; net10.0-windows7.0; x64; no debugger; DOTNET_TieredCompilation=0",0,"gen0_collections","count/run",4,0,250000,"GC.CollectionCount","artifacts/performance/FWM-PERF-20260905-4fb943b-tree48c574b-u3/performance-harness-tiered-off.csv","Raw ignored local artifact; managed isolated harness"
"EXP-WINMAN-RECENT-IDLE-GUARD-MODEL","FWM-PERF-20260905-4fb943b-tree48c574b-u3","Empty recent-window fast-path guard model","Release; net10.0-windows7.0; x64; no debugger; DOTNET_TieredCompilation=0",0,"gen1_collections","count/run",4,0,250000,"GC.CollectionCount","artifacts/performance/FWM-PERF-20260905-4fb943b-tree48c574b-u3/performance-harness-tiered-off.csv","Raw ignored local artifact; managed isolated harness"
"EXP-WINMAN-RECENT-IDLE-GUARD-MODEL","FWM-PERF-20260905-4fb943b-tree48c574b-u3","Empty recent-window fast-path guard model","Release; net10.0-windows7.0; x64; no debugger; DOTNET_TieredCompilation=0",0,"gen2_collections","count/run",4,0,250000,"GC.CollectionCount","artifacts/performance/FWM-PERF-20260905-4fb943b-tree48c574b-u3/performance-harness-tiered-off.csv","Raw ignored local artifact; managed isolated harness"
"EXP-WINMAN-RECENT-IDLE-BASELINE","FWM-PERF-20260905-4fb943b-tree48c574b-u3","Win32Workspace.OnRecentTimerWatch, empty recent-window list","Release; net10.0-windows7.0; x64; no debugger; DOTNET_TieredCompilation=0",0,"elapsed","ns/op",4,23.8972,250000,"Stopwatch.GetTimestamp","artifacts/performance/FWM-PERF-20260905-4fb943b-tree48c574b-u3/performance-harness-tiered-off.csv","Raw ignored local artifact; managed isolated harness"
"EXP-WINMAN-RECENT-IDLE-BASELINE","FWM-PERF-20260905-4fb943b-tree48c574b-u3","Win32Workspace.OnRecentTimerWatch, empty recent-window list","Release; net10.0-windows7.0; x64; no debugger; DOTNET_TieredCompilation=0",0,"managed_allocated","bytes/op",4,64,250000,"GC.GetAllocatedBytesForCurrentThread","artifacts/performance/FWM-PERF-20260905-4fb943b-tree48c574b-u3/performance-harness-tiered-off.csv","Raw ignored local artifact; managed isolated harness"
"EXP-WINMAN-RECENT-IDLE-BASELINE","FWM-PERF-20260905-4fb943b-tree48c574b-u3","Win32Workspace.OnRecentTimerWatch, empty recent-window list","Release; net10.0-windows7.0; x64; no debugger; DOTNET_TieredCompilation=0",0,"gen0_collections","count/run",4,0,250000,"GC.CollectionCount","artifacts/performance/FWM-PERF-20260905-4fb943b-tree48c574b-u3/performance-harness-tiered-off.csv","Raw ignored local artifact; managed isolated harness"
"EXP-WINMAN-RECENT-IDLE-BASELINE","FWM-PERF-20260905-4fb943b-tree48c574b-u3","Win32Workspace.OnRecentTimerWatch, empty recent-window list","Release; net10.0-windows7.0; x64; no debugger; DOTNET_TieredCompilation=0",0,"gen1_collections","count/run",4,0,250000,"GC.CollectionCount","artifacts/performance/FWM-PERF-20260905-4fb943b-tree48c574b-u3/performance-harness-tiered-off.csv","Raw ignored local artifact; managed isolated harness"
"EXP-WINMAN-RECENT-IDLE-BASELINE","FWM-PERF-20260905-4fb943b-tree48c574b-u3","Win32Workspace.OnRecentTimerWatch, empty recent-window list","Release; net10.0-windows7.0; x64; no debugger; DOTNET_TieredCompilation=0",0,"gen2_collections","count/run",4,0,250000,"GC.CollectionCount","artifacts/performance/FWM-PERF-20260905-4fb943b-tree48c574b-u3/performance-harness-tiered-off.csv","Raw ignored local artifact; managed isolated harness"
"EXP-WINMAN-RECENT-IDLE-BASELINE","FWM-PERF-20260905-4fb943b-tree48c574b-u3","Win32Workspace.OnRecentTimerWatch, empty recent-window list","Release; net10.0-windows7.0; x64; no debugger; DOTNET_TieredCompilation=0",0,"elapsed","ns/op",5,22.5856,250000,"Stopwatch.GetTimestamp","artifacts/performance/FWM-PERF-20260905-4fb943b-tree48c574b-u3/performance-harness-tiered-off.csv","Raw ignored local artifact; managed isolated harness"
"EXP-WINMAN-RECENT-IDLE-BASELINE","FWM-PERF-20260905-4fb943b-tree48c574b-u3","Win32Workspace.OnRecentTimerWatch, empty recent-window list","Release; net10.0-windows7.0; x64; no debugger; DOTNET_TieredCompilation=0",0,"managed_allocated","bytes/op",5,64,250000,"GC.GetAllocatedBytesForCurrentThread","artifacts/performance/FWM-PERF-20260905-4fb943b-tree48c574b-u3/performance-harness-tiered-off.csv","Raw ignored local artifact; managed isolated harness"
"EXP-WINMAN-RECENT-IDLE-BASELINE","FWM-PERF-20260905-4fb943b-tree48c574b-u3","Win32Workspace.OnRecentTimerWatch, empty recent-window list","Release; net10.0-windows7.0; x64; no debugger; DOTNET_TieredCompilation=0",0,"gen0_collections","count/run",5,0,250000,"GC.CollectionCount","artifacts/performance/FWM-PERF-20260905-4fb943b-tree48c574b-u3/performance-harness-tiered-off.csv","Raw ignored local artifact; managed isolated harness"
"EXP-WINMAN-RECENT-IDLE-BASELINE","FWM-PERF-20260905-4fb943b-tree48c574b-u3","Win32Workspace.OnRecentTimerWatch, empty recent-window list","Release; net10.0-windows7.0; x64; no debugger; DOTNET_TieredCompilation=0",0,"gen1_collections","count/run",5,0,250000,"GC.CollectionCount","artifacts/performance/FWM-PERF-20260905-4fb943b-tree48c574b-u3/performance-harness-tiered-off.csv","Raw ignored local artifact; managed isolated harness"
"EXP-WINMAN-RECENT-IDLE-BASELINE","FWM-PERF-20260905-4fb943b-tree48c574b-u3","Win32Workspace.OnRecentTimerWatch, empty recent-window list","Release; net10.0-windows7.0; x64; no debugger; DOTNET_TieredCompilation=0",0,"gen2_collections","count/run",5,0,250000,"GC.CollectionCount","artifacts/performance/FWM-PERF-20260905-4fb943b-tree48c574b-u3/performance-harness-tiered-off.csv","Raw ignored local artifact; managed isolated harness"
"EXP-WINMAN-RECENT-IDLE-GUARD-MODEL","FWM-PERF-20260905-4fb943b-tree48c574b-u3","Empty recent-window fast-path guard model","Release; net10.0-windows7.0; x64; no debugger; DOTNET_TieredCompilation=0",0,"elapsed","ns/op",5,1.7128,250000,"Stopwatch.GetTimestamp","artifacts/performance/FWM-PERF-20260905-4fb943b-tree48c574b-u3/performance-harness-tiered-off.csv","Raw ignored local artifact; managed isolated harness"
"EXP-WINMAN-RECENT-IDLE-GUARD-MODEL","FWM-PERF-20260905-4fb943b-tree48c574b-u3","Empty recent-window fast-path guard model","Release; net10.0-windows7.0; x64; no debugger; DOTNET_TieredCompilation=0",0,"managed_allocated","bytes/op",5,0,250000,"GC.GetAllocatedBytesForCurrentThread","artifacts/performance/FWM-PERF-20260905-4fb943b-tree48c574b-u3/performance-harness-tiered-off.csv","Raw ignored local artifact; managed isolated harness"
"EXP-WINMAN-RECENT-IDLE-GUARD-MODEL","FWM-PERF-20260905-4fb943b-tree48c574b-u3","Empty recent-window fast-path guard model","Release; net10.0-windows7.0; x64; no debugger; DOTNET_TieredCompilation=0",0,"gen0_collections","count/run",5,0,250000,"GC.CollectionCount","artifacts/performance/FWM-PERF-20260905-4fb943b-tree48c574b-u3/performance-harness-tiered-off.csv","Raw ignored local artifact; managed isolated harness"
"EXP-WINMAN-RECENT-IDLE-GUARD-MODEL","FWM-PERF-20260905-4fb943b-tree48c574b-u3","Empty recent-window fast-path guard model","Release; net10.0-windows7.0; x64; no debugger; DOTNET_TieredCompilation=0",0,"gen1_collections","count/run",5,0,250000,"GC.CollectionCount","artifacts/performance/FWM-PERF-20260905-4fb943b-tree48c574b-u3/performance-harness-tiered-off.csv","Raw ignored local artifact; managed isolated harness"
"EXP-WINMAN-RECENT-IDLE-GUARD-MODEL","FWM-PERF-20260905-4fb943b-tree48c574b-u3","Empty recent-window fast-path guard model","Release; net10.0-windows7.0; x64; no debugger; DOTNET_TieredCompilation=0",0,"gen2_collections","count/run",5,0,250000,"GC.CollectionCount","artifacts/performance/FWM-PERF-20260905-4fb943b-tree48c574b-u3/performance-harness-tiered-off.csv","Raw ignored local artifact; managed isolated harness"
"EXP-FLEX-STABLE-BASELINE","FWM-PERF-20260905-4fb943b-tree48c574b-u3","Flex.SetContainerWidth(same width), production","Release; net10.0-windows7.0; x64; no debugger; DOTNET_TieredCompilation=0",1,"elapsed","ns/op",1,103.7464,250000,"Stopwatch.GetTimestamp","artifacts/performance/FWM-PERF-20260905-4fb943b-tree48c574b-u3/performance-harness-tiered-off.csv","Raw ignored local artifact; managed isolated harness"
"EXP-FLEX-STABLE-BASELINE","FWM-PERF-20260905-4fb943b-tree48c574b-u3","Flex.SetContainerWidth(same width), production","Release; net10.0-windows7.0; x64; no debugger; DOTNET_TieredCompilation=0",1,"managed_allocated","bytes/op",1,360,250000,"GC.GetAllocatedBytesForCurrentThread","artifacts/performance/FWM-PERF-20260905-4fb943b-tree48c574b-u3/performance-harness-tiered-off.csv","Raw ignored local artifact; managed isolated harness"
"EXP-FLEX-STABLE-BASELINE","FWM-PERF-20260905-4fb943b-tree48c574b-u3","Flex.SetContainerWidth(same width), production","Release; net10.0-windows7.0; x64; no debugger; DOTNET_TieredCompilation=0",1,"gen0_collections","count/run",1,5,250000,"GC.CollectionCount","artifacts/performance/FWM-PERF-20260905-4fb943b-tree48c574b-u3/performance-harness-tiered-off.csv","Raw ignored local artifact; managed isolated harness"
"EXP-FLEX-STABLE-BASELINE","FWM-PERF-20260905-4fb943b-tree48c574b-u3","Flex.SetContainerWidth(same width), production","Release; net10.0-windows7.0; x64; no debugger; DOTNET_TieredCompilation=0",1,"gen1_collections","count/run",1,0,250000,"GC.CollectionCount","artifacts/performance/FWM-PERF-20260905-4fb943b-tree48c574b-u3/performance-harness-tiered-off.csv","Raw ignored local artifact; managed isolated harness"
"EXP-FLEX-STABLE-BASELINE","FWM-PERF-20260905-4fb943b-tree48c574b-u3","Flex.SetContainerWidth(same width), production","Release; net10.0-windows7.0; x64; no debugger; DOTNET_TieredCompilation=0",1,"gen2_collections","count/run",1,0,250000,"GC.CollectionCount","artifacts/performance/FWM-PERF-20260905-4fb943b-tree48c574b-u3/performance-harness-tiered-off.csv","Raw ignored local artifact; managed isolated harness"
"EXP-FLEX-STABLE-GUARD-MODEL","FWM-PERF-20260905-4fb943b-tree48c574b-u3","Flex.SetContainerWidth(same width), experimental call-site guard model","Release; net10.0-windows7.0; x64; no debugger; DOTNET_TieredCompilation=0",1,"elapsed","ns/op",1,3.114,250000,"Stopwatch.GetTimestamp","artifacts/performance/FWM-PERF-20260905-4fb943b-tree48c574b-u3/performance-harness-tiered-off.csv","Raw ignored local artifact; managed isolated harness"
"EXP-FLEX-STABLE-GUARD-MODEL","FWM-PERF-20260905-4fb943b-tree48c574b-u3","Flex.SetContainerWidth(same width), experimental call-site guard model","Release; net10.0-windows7.0; x64; no debugger; DOTNET_TieredCompilation=0",1,"managed_allocated","bytes/op",1,0,250000,"GC.GetAllocatedBytesForCurrentThread","artifacts/performance/FWM-PERF-20260905-4fb943b-tree48c574b-u3/performance-harness-tiered-off.csv","Raw ignored local artifact; managed isolated harness"
"EXP-FLEX-STABLE-GUARD-MODEL","FWM-PERF-20260905-4fb943b-tree48c574b-u3","Flex.SetContainerWidth(same width), experimental call-site guard model","Release; net10.0-windows7.0; x64; no debugger; DOTNET_TieredCompilation=0",1,"gen0_collections","count/run",1,0,250000,"GC.CollectionCount","artifacts/performance/FWM-PERF-20260905-4fb943b-tree48c574b-u3/performance-harness-tiered-off.csv","Raw ignored local artifact; managed isolated harness"
"EXP-FLEX-STABLE-GUARD-MODEL","FWM-PERF-20260905-4fb943b-tree48c574b-u3","Flex.SetContainerWidth(same width), experimental call-site guard model","Release; net10.0-windows7.0; x64; no debugger; DOTNET_TieredCompilation=0",1,"gen1_collections","count/run",1,0,250000,"GC.CollectionCount","artifacts/performance/FWM-PERF-20260905-4fb943b-tree48c574b-u3/performance-harness-tiered-off.csv","Raw ignored local artifact; managed isolated harness"
"EXP-FLEX-STABLE-GUARD-MODEL","FWM-PERF-20260905-4fb943b-tree48c574b-u3","Flex.SetContainerWidth(same width), experimental call-site guard model","Release; net10.0-windows7.0; x64; no debugger; DOTNET_TieredCompilation=0",1,"gen2_collections","count/run",1,0,250000,"GC.CollectionCount","artifacts/performance/FWM-PERF-20260905-4fb943b-tree48c574b-u3/performance-harness-tiered-off.csv","Raw ignored local artifact; managed isolated harness"
"EXP-FLEX-STABLE-GUARD-MODEL","FWM-PERF-20260905-4fb943b-tree48c574b-u3","Flex.SetContainerWidth(same width), experimental call-site guard model","Release; net10.0-windows7.0; x64; no debugger; DOTNET_TieredCompilation=0",1,"elapsed","ns/op",2,2.3672,250000,"Stopwatch.GetTimestamp","artifacts/performance/FWM-PERF-20260905-4fb943b-tree48c574b-u3/performance-harness-tiered-off.csv","Raw ignored local artifact; managed isolated harness"
"EXP-FLEX-STABLE-GUARD-MODEL","FWM-PERF-20260905-4fb943b-tree48c574b-u3","Flex.SetContainerWidth(same width), experimental call-site guard model","Release; net10.0-windows7.0; x64; no debugger; DOTNET_TieredCompilation=0",1,"managed_allocated","bytes/op",2,0,250000,"GC.GetAllocatedBytesForCurrentThread","artifacts/performance/FWM-PERF-20260905-4fb943b-tree48c574b-u3/performance-harness-tiered-off.csv","Raw ignored local artifact; managed isolated harness"
"EXP-FLEX-STABLE-GUARD-MODEL","FWM-PERF-20260905-4fb943b-tree48c574b-u3","Flex.SetContainerWidth(same width), experimental call-site guard model","Release; net10.0-windows7.0; x64; no debugger; DOTNET_TieredCompilation=0",1,"gen0_collections","count/run",2,0,250000,"GC.CollectionCount","artifacts/performance/FWM-PERF-20260905-4fb943b-tree48c574b-u3/performance-harness-tiered-off.csv","Raw ignored local artifact; managed isolated harness"
"EXP-FLEX-STABLE-GUARD-MODEL","FWM-PERF-20260905-4fb943b-tree48c574b-u3","Flex.SetContainerWidth(same width), experimental call-site guard model","Release; net10.0-windows7.0; x64; no debugger; DOTNET_TieredCompilation=0",1,"gen1_collections","count/run",2,0,250000,"GC.CollectionCount","artifacts/performance/FWM-PERF-20260905-4fb943b-tree48c574b-u3/performance-harness-tiered-off.csv","Raw ignored local artifact; managed isolated harness"
"EXP-FLEX-STABLE-GUARD-MODEL","FWM-PERF-20260905-4fb943b-tree48c574b-u3","Flex.SetContainerWidth(same width), experimental call-site guard model","Release; net10.0-windows7.0; x64; no debugger; DOTNET_TieredCompilation=0",1,"gen2_collections","count/run",2,0,250000,"GC.CollectionCount","artifacts/performance/FWM-PERF-20260905-4fb943b-tree48c574b-u3/performance-harness-tiered-off.csv","Raw ignored local artifact; managed isolated harness"
"EXP-FLEX-STABLE-BASELINE","FWM-PERF-20260905-4fb943b-tree48c574b-u3","Flex.SetContainerWidth(same width), production","Release; net10.0-windows7.0; x64; no debugger; DOTNET_TieredCompilation=0",1,"elapsed","ns/op",2,102.7804,250000,"Stopwatch.GetTimestamp","artifacts/performance/FWM-PERF-20260905-4fb943b-tree48c574b-u3/performance-harness-tiered-off.csv","Raw ignored local artifact; managed isolated harness"
"EXP-FLEX-STABLE-BASELINE","FWM-PERF-20260905-4fb943b-tree48c574b-u3","Flex.SetContainerWidth(same width), production","Release; net10.0-windows7.0; x64; no debugger; DOTNET_TieredCompilation=0",1,"managed_allocated","bytes/op",2,360,250000,"GC.GetAllocatedBytesForCurrentThread","artifacts/performance/FWM-PERF-20260905-4fb943b-tree48c574b-u3/performance-harness-tiered-off.csv","Raw ignored local artifact; managed isolated harness"
"EXP-FLEX-STABLE-BASELINE","FWM-PERF-20260905-4fb943b-tree48c574b-u3","Flex.SetContainerWidth(same width), production","Release; net10.0-windows7.0; x64; no debugger; DOTNET_TieredCompilation=0",1,"gen0_collections","count/run",2,5,250000,"GC.CollectionCount","artifacts/performance/FWM-PERF-20260905-4fb943b-tree48c574b-u3/performance-harness-tiered-off.csv","Raw ignored local artifact; managed isolated harness"
"EXP-FLEX-STABLE-BASELINE","FWM-PERF-20260905-4fb943b-tree48c574b-u3","Flex.SetContainerWidth(same width), production","Release; net10.0-windows7.0; x64; no debugger; DOTNET_TieredCompilation=0",1,"gen1_collections","count/run",2,0,250000,"GC.CollectionCount","artifacts/performance/FWM-PERF-20260905-4fb943b-tree48c574b-u3/performance-harness-tiered-off.csv","Raw ignored local artifact; managed isolated harness"
"EXP-FLEX-STABLE-BASELINE","FWM-PERF-20260905-4fb943b-tree48c574b-u3","Flex.SetContainerWidth(same width), production","Release; net10.0-windows7.0; x64; no debugger; DOTNET_TieredCompilation=0",1,"gen2_collections","count/run",2,0,250000,"GC.CollectionCount","artifacts/performance/FWM-PERF-20260905-4fb943b-tree48c574b-u3/performance-harness-tiered-off.csv","Raw ignored local artifact; managed isolated harness"
"EXP-FLEX-STABLE-BASELINE","FWM-PERF-20260905-4fb943b-tree48c574b-u3","Flex.SetContainerWidth(same width), production","Release; net10.0-windows7.0; x64; no debugger; DOTNET_TieredCompilation=0",1,"elapsed","ns/op",3,103.62,250000,"Stopwatch.GetTimestamp","artifacts/performance/FWM-PERF-20260905-4fb943b-tree48c574b-u3/performance-harness-tiered-off.csv","Raw ignored local artifact; managed isolated harness"
"EXP-FLEX-STABLE-BASELINE","FWM-PERF-20260905-4fb943b-tree48c574b-u3","Flex.SetContainerWidth(same width), production","Release; net10.0-windows7.0; x64; no debugger; DOTNET_TieredCompilation=0",1,"managed_allocated","bytes/op",3,360,250000,"GC.GetAllocatedBytesForCurrentThread","artifacts/performance/FWM-PERF-20260905-4fb943b-tree48c574b-u3/performance-harness-tiered-off.csv","Raw ignored local artifact; managed isolated harness"
"EXP-FLEX-STABLE-BASELINE","FWM-PERF-20260905-4fb943b-tree48c574b-u3","Flex.SetContainerWidth(same width), production","Release; net10.0-windows7.0; x64; no debugger; DOTNET_TieredCompilation=0",1,"gen0_collections","count/run",3,5,250000,"GC.CollectionCount","artifacts/performance/FWM-PERF-20260905-4fb943b-tree48c574b-u3/performance-harness-tiered-off.csv","Raw ignored local artifact; managed isolated harness"
"EXP-FLEX-STABLE-BASELINE","FWM-PERF-20260905-4fb943b-tree48c574b-u3","Flex.SetContainerWidth(same width), production","Release; net10.0-windows7.0; x64; no debugger; DOTNET_TieredCompilation=0",1,"gen1_collections","count/run",3,0,250000,"GC.CollectionCount","artifacts/performance/FWM-PERF-20260905-4fb943b-tree48c574b-u3/performance-harness-tiered-off.csv","Raw ignored local artifact; managed isolated harness"
"EXP-FLEX-STABLE-BASELINE","FWM-PERF-20260905-4fb943b-tree48c574b-u3","Flex.SetContainerWidth(same width), production","Release; net10.0-windows7.0; x64; no debugger; DOTNET_TieredCompilation=0",1,"gen2_collections","count/run",3,0,250000,"GC.CollectionCount","artifacts/performance/FWM-PERF-20260905-4fb943b-tree48c574b-u3/performance-harness-tiered-off.csv","Raw ignored local artifact; managed isolated harness"
"EXP-FLEX-STABLE-GUARD-MODEL","FWM-PERF-20260905-4fb943b-tree48c574b-u3","Flex.SetContainerWidth(same width), experimental call-site guard model","Release; net10.0-windows7.0; x64; no debugger; DOTNET_TieredCompilation=0",1,"elapsed","ns/op",3,1.6956,250000,"Stopwatch.GetTimestamp","artifacts/performance/FWM-PERF-20260905-4fb943b-tree48c574b-u3/performance-harness-tiered-off.csv","Raw ignored local artifact; managed isolated harness"
"EXP-FLEX-STABLE-GUARD-MODEL","FWM-PERF-20260905-4fb943b-tree48c574b-u3","Flex.SetContainerWidth(same width), experimental call-site guard model","Release; net10.0-windows7.0; x64; no debugger; DOTNET_TieredCompilation=0",1,"managed_allocated","bytes/op",3,0,250000,"GC.GetAllocatedBytesForCurrentThread","artifacts/performance/FWM-PERF-20260905-4fb943b-tree48c574b-u3/performance-harness-tiered-off.csv","Raw ignored local artifact; managed isolated harness"
"EXP-FLEX-STABLE-GUARD-MODEL","FWM-PERF-20260905-4fb943b-tree48c574b-u3","Flex.SetContainerWidth(same width), experimental call-site guard model","Release; net10.0-windows7.0; x64; no debugger; DOTNET_TieredCompilation=0",1,"gen0_collections","count/run",3,0,250000,"GC.CollectionCount","artifacts/performance/FWM-PERF-20260905-4fb943b-tree48c574b-u3/performance-harness-tiered-off.csv","Raw ignored local artifact; managed isolated harness"
"EXP-FLEX-STABLE-GUARD-MODEL","FWM-PERF-20260905-4fb943b-tree48c574b-u3","Flex.SetContainerWidth(same width), experimental call-site guard model","Release; net10.0-windows7.0; x64; no debugger; DOTNET_TieredCompilation=0",1,"gen1_collections","count/run",3,0,250000,"GC.CollectionCount","artifacts/performance/FWM-PERF-20260905-4fb943b-tree48c574b-u3/performance-harness-tiered-off.csv","Raw ignored local artifact; managed isolated harness"
"EXP-FLEX-STABLE-GUARD-MODEL","FWM-PERF-20260905-4fb943b-tree48c574b-u3","Flex.SetContainerWidth(same width), experimental call-site guard model","Release; net10.0-windows7.0; x64; no debugger; DOTNET_TieredCompilation=0",1,"gen2_collections","count/run",3,0,250000,"GC.CollectionCount","artifacts/performance/FWM-PERF-20260905-4fb943b-tree48c574b-u3/performance-harness-tiered-off.csv","Raw ignored local artifact; managed isolated harness"
"EXP-FLEX-STABLE-GUARD-MODEL","FWM-PERF-20260905-4fb943b-tree48c574b-u3","Flex.SetContainerWidth(same width), experimental call-site guard model","Release; net10.0-windows7.0; x64; no debugger; DOTNET_TieredCompilation=0",1,"elapsed","ns/op",4,2.1704,250000,"Stopwatch.GetTimestamp","artifacts/performance/FWM-PERF-20260905-4fb943b-tree48c574b-u3/performance-harness-tiered-off.csv","Raw ignored local artifact; managed isolated harness"
"EXP-FLEX-STABLE-GUARD-MODEL","FWM-PERF-20260905-4fb943b-tree48c574b-u3","Flex.SetContainerWidth(same width), experimental call-site guard model","Release; net10.0-windows7.0; x64; no debugger; DOTNET_TieredCompilation=0",1,"managed_allocated","bytes/op",4,0,250000,"GC.GetAllocatedBytesForCurrentThread","artifacts/performance/FWM-PERF-20260905-4fb943b-tree48c574b-u3/performance-harness-tiered-off.csv","Raw ignored local artifact; managed isolated harness"
"EXP-FLEX-STABLE-GUARD-MODEL","FWM-PERF-20260905-4fb943b-tree48c574b-u3","Flex.SetContainerWidth(same width), experimental call-site guard model","Release; net10.0-windows7.0; x64; no debugger; DOTNET_TieredCompilation=0",1,"gen0_collections","count/run",4,0,250000,"GC.CollectionCount","artifacts/performance/FWM-PERF-20260905-4fb943b-tree48c574b-u3/performance-harness-tiered-off.csv","Raw ignored local artifact; managed isolated harness"
"EXP-FLEX-STABLE-GUARD-MODEL","FWM-PERF-20260905-4fb943b-tree48c574b-u3","Flex.SetContainerWidth(same width), experimental call-site guard model","Release; net10.0-windows7.0; x64; no debugger; DOTNET_TieredCompilation=0",1,"gen1_collections","count/run",4,0,250000,"GC.CollectionCount","artifacts/performance/FWM-PERF-20260905-4fb943b-tree48c574b-u3/performance-harness-tiered-off.csv","Raw ignored local artifact; managed isolated harness"
"EXP-FLEX-STABLE-GUARD-MODEL","FWM-PERF-20260905-4fb943b-tree48c574b-u3","Flex.SetContainerWidth(same width), experimental call-site guard model","Release; net10.0-windows7.0; x64; no debugger; DOTNET_TieredCompilation=0",1,"gen2_collections","count/run",4,0,250000,"GC.CollectionCount","artifacts/performance/FWM-PERF-20260905-4fb943b-tree48c574b-u3/performance-harness-tiered-off.csv","Raw ignored local artifact; managed isolated harness"
"EXP-FLEX-STABLE-BASELINE","FWM-PERF-20260905-4fb943b-tree48c574b-u3","Flex.SetContainerWidth(same width), production","Release; net10.0-windows7.0; x64; no debugger; DOTNET_TieredCompilation=0",1,"elapsed","ns/op",4,101.434,250000,"Stopwatch.GetTimestamp","artifacts/performance/FWM-PERF-20260905-4fb943b-tree48c574b-u3/performance-harness-tiered-off.csv","Raw ignored local artifact; managed isolated harness"
"EXP-FLEX-STABLE-BASELINE","FWM-PERF-20260905-4fb943b-tree48c574b-u3","Flex.SetContainerWidth(same width), production","Release; net10.0-windows7.0; x64; no debugger; DOTNET_TieredCompilation=0",1,"managed_allocated","bytes/op",4,360,250000,"GC.GetAllocatedBytesForCurrentThread","artifacts/performance/FWM-PERF-20260905-4fb943b-tree48c574b-u3/performance-harness-tiered-off.csv","Raw ignored local artifact; managed isolated harness"
"EXP-FLEX-STABLE-BASELINE","FWM-PERF-20260905-4fb943b-tree48c574b-u3","Flex.SetContainerWidth(same width), production","Release; net10.0-windows7.0; x64; no debugger; DOTNET_TieredCompilation=0",1,"gen0_collections","count/run",4,5,250000,"GC.CollectionCount","artifacts/performance/FWM-PERF-20260905-4fb943b-tree48c574b-u3/performance-harness-tiered-off.csv","Raw ignored local artifact; managed isolated harness"
"EXP-FLEX-STABLE-BASELINE","FWM-PERF-20260905-4fb943b-tree48c574b-u3","Flex.SetContainerWidth(same width), production","Release; net10.0-windows7.0; x64; no debugger; DOTNET_TieredCompilation=0",1,"gen1_collections","count/run",4,0,250000,"GC.CollectionCount","artifacts/performance/FWM-PERF-20260905-4fb943b-tree48c574b-u3/performance-harness-tiered-off.csv","Raw ignored local artifact; managed isolated harness"
"EXP-FLEX-STABLE-BASELINE","FWM-PERF-20260905-4fb943b-tree48c574b-u3","Flex.SetContainerWidth(same width), production","Release; net10.0-windows7.0; x64; no debugger; DOTNET_TieredCompilation=0",1,"gen2_collections","count/run",4,0,250000,"GC.CollectionCount","artifacts/performance/FWM-PERF-20260905-4fb943b-tree48c574b-u3/performance-harness-tiered-off.csv","Raw ignored local artifact; managed isolated harness"
"EXP-FLEX-STABLE-BASELINE","FWM-PERF-20260905-4fb943b-tree48c574b-u3","Flex.SetContainerWidth(same width), production","Release; net10.0-windows7.0; x64; no debugger; DOTNET_TieredCompilation=0",1,"elapsed","ns/op",5,100.9636,250000,"Stopwatch.GetTimestamp","artifacts/performance/FWM-PERF-20260905-4fb943b-tree48c574b-u3/performance-harness-tiered-off.csv","Raw ignored local artifact; managed isolated harness"
"EXP-FLEX-STABLE-BASELINE","FWM-PERF-20260905-4fb943b-tree48c574b-u3","Flex.SetContainerWidth(same width), production","Release; net10.0-windows7.0; x64; no debugger; DOTNET_TieredCompilation=0",1,"managed_allocated","bytes/op",5,360,250000,"GC.GetAllocatedBytesForCurrentThread","artifacts/performance/FWM-PERF-20260905-4fb943b-tree48c574b-u3/performance-harness-tiered-off.csv","Raw ignored local artifact; managed isolated harness"
"EXP-FLEX-STABLE-BASELINE","FWM-PERF-20260905-4fb943b-tree48c574b-u3","Flex.SetContainerWidth(same width), production","Release; net10.0-windows7.0; x64; no debugger; DOTNET_TieredCompilation=0",1,"gen0_collections","count/run",5,5,250000,"GC.CollectionCount","artifacts/performance/FWM-PERF-20260905-4fb943b-tree48c574b-u3/performance-harness-tiered-off.csv","Raw ignored local artifact; managed isolated harness"
"EXP-FLEX-STABLE-BASELINE","FWM-PERF-20260905-4fb943b-tree48c574b-u3","Flex.SetContainerWidth(same width), production","Release; net10.0-windows7.0; x64; no debugger; DOTNET_TieredCompilation=0",1,"gen1_collections","count/run",5,0,250000,"GC.CollectionCount","artifacts/performance/FWM-PERF-20260905-4fb943b-tree48c574b-u3/performance-harness-tiered-off.csv","Raw ignored local artifact; managed isolated harness"
"EXP-FLEX-STABLE-BASELINE","FWM-PERF-20260905-4fb943b-tree48c574b-u3","Flex.SetContainerWidth(same width), production","Release; net10.0-windows7.0; x64; no debugger; DOTNET_TieredCompilation=0",1,"gen2_collections","count/run",5,0,250000,"GC.CollectionCount","artifacts/performance/FWM-PERF-20260905-4fb943b-tree48c574b-u3/performance-harness-tiered-off.csv","Raw ignored local artifact; managed isolated harness"
"EXP-FLEX-STABLE-GUARD-MODEL","FWM-PERF-20260905-4fb943b-tree48c574b-u3","Flex.SetContainerWidth(same width), experimental call-site guard model","Release; net10.0-windows7.0; x64; no debugger; DOTNET_TieredCompilation=0",1,"elapsed","ns/op",5,2.1184,250000,"Stopwatch.GetTimestamp","artifacts/performance/FWM-PERF-20260905-4fb943b-tree48c574b-u3/performance-harness-tiered-off.csv","Raw ignored local artifact; managed isolated harness"
"EXP-FLEX-STABLE-GUARD-MODEL","FWM-PERF-20260905-4fb943b-tree48c574b-u3","Flex.SetContainerWidth(same width), experimental call-site guard model","Release; net10.0-windows7.0; x64; no debugger; DOTNET_TieredCompilation=0",1,"managed_allocated","bytes/op",5,0,250000,"GC.GetAllocatedBytesForCurrentThread","artifacts/performance/FWM-PERF-20260905-4fb943b-tree48c574b-u3/performance-harness-tiered-off.csv","Raw ignored local artifact; managed isolated harness"
"EXP-FLEX-STABLE-GUARD-MODEL","FWM-PERF-20260905-4fb943b-tree48c574b-u3","Flex.SetContainerWidth(same width), experimental call-site guard model","Release; net10.0-windows7.0; x64; no debugger; DOTNET_TieredCompilation=0",1,"gen0_collections","count/run",5,0,250000,"GC.CollectionCount","artifacts/performance/FWM-PERF-20260905-4fb943b-tree48c574b-u3/performance-harness-tiered-off.csv","Raw ignored local artifact; managed isolated harness"
"EXP-FLEX-STABLE-GUARD-MODEL","FWM-PERF-20260905-4fb943b-tree48c574b-u3","Flex.SetContainerWidth(same width), experimental call-site guard model","Release; net10.0-windows7.0; x64; no debugger; DOTNET_TieredCompilation=0",1,"gen1_collections","count/run",5,0,250000,"GC.CollectionCount","artifacts/performance/FWM-PERF-20260905-4fb943b-tree48c574b-u3/performance-harness-tiered-off.csv","Raw ignored local artifact; managed isolated harness"
"EXP-FLEX-STABLE-GUARD-MODEL","FWM-PERF-20260905-4fb943b-tree48c574b-u3","Flex.SetContainerWidth(same width), experimental call-site guard model","Release; net10.0-windows7.0; x64; no debugger; DOTNET_TieredCompilation=0",1,"gen2_collections","count/run",5,0,250000,"GC.CollectionCount","artifacts/performance/FWM-PERF-20260905-4fb943b-tree48c574b-u3/performance-harness-tiered-off.csv","Raw ignored local artifact; managed isolated harness"
"EXP-LAYOUT-STABLE-PASS","FWM-PERF-20260905-4fb943b-tree48c574b-u3","DesktopTree.Measure+Arrange, unchanged flat tree","Release; net10.0-windows7.0; x64; no debugger; DOTNET_TieredCompilation=0",1,"elapsed","ns/op",1,361.7752,250000,"Stopwatch.GetTimestamp","artifacts/performance/FWM-PERF-20260905-4fb943b-tree48c574b-u3/performance-harness-tiered-off.csv","Raw ignored local artifact; managed isolated harness"
"EXP-LAYOUT-STABLE-PASS","FWM-PERF-20260905-4fb943b-tree48c574b-u3","DesktopTree.Measure+Arrange, unchanged flat tree","Release; net10.0-windows7.0; x64; no debugger; DOTNET_TieredCompilation=0",1,"managed_allocated","bytes/op",1,824,250000,"GC.GetAllocatedBytesForCurrentThread","artifacts/performance/FWM-PERF-20260905-4fb943b-tree48c574b-u3/performance-harness-tiered-off.csv","Raw ignored local artifact; managed isolated harness"
"EXP-LAYOUT-STABLE-PASS","FWM-PERF-20260905-4fb943b-tree48c574b-u3","DesktopTree.Measure+Arrange, unchanged flat tree","Release; net10.0-windows7.0; x64; no debugger; DOTNET_TieredCompilation=0",1,"gen0_collections","count/run",1,12,250000,"GC.CollectionCount","artifacts/performance/FWM-PERF-20260905-4fb943b-tree48c574b-u3/performance-harness-tiered-off.csv","Raw ignored local artifact; managed isolated harness"
"EXP-LAYOUT-STABLE-PASS","FWM-PERF-20260905-4fb943b-tree48c574b-u3","DesktopTree.Measure+Arrange, unchanged flat tree","Release; net10.0-windows7.0; x64; no debugger; DOTNET_TieredCompilation=0",1,"gen1_collections","count/run",1,0,250000,"GC.CollectionCount","artifacts/performance/FWM-PERF-20260905-4fb943b-tree48c574b-u3/performance-harness-tiered-off.csv","Raw ignored local artifact; managed isolated harness"
"EXP-LAYOUT-STABLE-PASS","FWM-PERF-20260905-4fb943b-tree48c574b-u3","DesktopTree.Measure+Arrange, unchanged flat tree","Release; net10.0-windows7.0; x64; no debugger; DOTNET_TieredCompilation=0",1,"gen2_collections","count/run",1,0,250000,"GC.CollectionCount","artifacts/performance/FWM-PERF-20260905-4fb943b-tree48c574b-u3/performance-harness-tiered-off.csv","Raw ignored local artifact; managed isolated harness"
"EXP-LAYOUT-STABLE-PASS","FWM-PERF-20260905-4fb943b-tree48c574b-u3","DesktopTree.Measure+Arrange, unchanged flat tree","Release; net10.0-windows7.0; x64; no debugger; DOTNET_TieredCompilation=0",1,"elapsed","ns/op",2,363.2784,250000,"Stopwatch.GetTimestamp","artifacts/performance/FWM-PERF-20260905-4fb943b-tree48c574b-u3/performance-harness-tiered-off.csv","Raw ignored local artifact; managed isolated harness"
"EXP-LAYOUT-STABLE-PASS","FWM-PERF-20260905-4fb943b-tree48c574b-u3","DesktopTree.Measure+Arrange, unchanged flat tree","Release; net10.0-windows7.0; x64; no debugger; DOTNET_TieredCompilation=0",1,"managed_allocated","bytes/op",2,824,250000,"GC.GetAllocatedBytesForCurrentThread","artifacts/performance/FWM-PERF-20260905-4fb943b-tree48c574b-u3/performance-harness-tiered-off.csv","Raw ignored local artifact; managed isolated harness"
"EXP-LAYOUT-STABLE-PASS","FWM-PERF-20260905-4fb943b-tree48c574b-u3","DesktopTree.Measure+Arrange, unchanged flat tree","Release; net10.0-windows7.0; x64; no debugger; DOTNET_TieredCompilation=0",1,"gen0_collections","count/run",2,12,250000,"GC.CollectionCount","artifacts/performance/FWM-PERF-20260905-4fb943b-tree48c574b-u3/performance-harness-tiered-off.csv","Raw ignored local artifact; managed isolated harness"
"EXP-LAYOUT-STABLE-PASS","FWM-PERF-20260905-4fb943b-tree48c574b-u3","DesktopTree.Measure+Arrange, unchanged flat tree","Release; net10.0-windows7.0; x64; no debugger; DOTNET_TieredCompilation=0",1,"gen1_collections","count/run",2,0,250000,"GC.CollectionCount","artifacts/performance/FWM-PERF-20260905-4fb943b-tree48c574b-u3/performance-harness-tiered-off.csv","Raw ignored local artifact; managed isolated harness"
"EXP-LAYOUT-STABLE-PASS","FWM-PERF-20260905-4fb943b-tree48c574b-u3","DesktopTree.Measure+Arrange, unchanged flat tree","Release; net10.0-windows7.0; x64; no debugger; DOTNET_TieredCompilation=0",1,"gen2_collections","count/run",2,0,250000,"GC.CollectionCount","artifacts/performance/FWM-PERF-20260905-4fb943b-tree48c574b-u3/performance-harness-tiered-off.csv","Raw ignored local artifact; managed isolated harness"
"EXP-LAYOUT-STABLE-PASS","FWM-PERF-20260905-4fb943b-tree48c574b-u3","DesktopTree.Measure+Arrange, unchanged flat tree","Release; net10.0-windows7.0; x64; no debugger; DOTNET_TieredCompilation=0",1,"elapsed","ns/op",3,362.0432,250000,"Stopwatch.GetTimestamp","artifacts/performance/FWM-PERF-20260905-4fb943b-tree48c574b-u3/performance-harness-tiered-off.csv","Raw ignored local artifact; managed isolated harness"
"EXP-LAYOUT-STABLE-PASS","FWM-PERF-20260905-4fb943b-tree48c574b-u3","DesktopTree.Measure+Arrange, unchanged flat tree","Release; net10.0-windows7.0; x64; no debugger; DOTNET_TieredCompilation=0",1,"managed_allocated","bytes/op",3,824,250000,"GC.GetAllocatedBytesForCurrentThread","artifacts/performance/FWM-PERF-20260905-4fb943b-tree48c574b-u3/performance-harness-tiered-off.csv","Raw ignored local artifact; managed isolated harness"
"EXP-LAYOUT-STABLE-PASS","FWM-PERF-20260905-4fb943b-tree48c574b-u3","DesktopTree.Measure+Arrange, unchanged flat tree","Release; net10.0-windows7.0; x64; no debugger; DOTNET_TieredCompilation=0",1,"gen0_collections","count/run",3,12,250000,"GC.CollectionCount","artifacts/performance/FWM-PERF-20260905-4fb943b-tree48c574b-u3/performance-harness-tiered-off.csv","Raw ignored local artifact; managed isolated harness"
"EXP-LAYOUT-STABLE-PASS","FWM-PERF-20260905-4fb943b-tree48c574b-u3","DesktopTree.Measure+Arrange, unchanged flat tree","Release; net10.0-windows7.0; x64; no debugger; DOTNET_TieredCompilation=0",1,"gen1_collections","count/run",3,0,250000,"GC.CollectionCount","artifacts/performance/FWM-PERF-20260905-4fb943b-tree48c574b-u3/performance-harness-tiered-off.csv","Raw ignored local artifact; managed isolated harness"
"EXP-LAYOUT-STABLE-PASS","FWM-PERF-20260905-4fb943b-tree48c574b-u3","DesktopTree.Measure+Arrange, unchanged flat tree","Release; net10.0-windows7.0; x64; no debugger; DOTNET_TieredCompilation=0",1,"gen2_collections","count/run",3,0,250000,"GC.CollectionCount","artifacts/performance/FWM-PERF-20260905-4fb943b-tree48c574b-u3/performance-harness-tiered-off.csv","Raw ignored local artifact; managed isolated harness"
"EXP-LAYOUT-STABLE-PASS","FWM-PERF-20260905-4fb943b-tree48c574b-u3","DesktopTree.Measure+Arrange, unchanged flat tree","Release; net10.0-windows7.0; x64; no debugger; DOTNET_TieredCompilation=0",1,"elapsed","ns/op",4,358.1868,250000,"Stopwatch.GetTimestamp","artifacts/performance/FWM-PERF-20260905-4fb943b-tree48c574b-u3/performance-harness-tiered-off.csv","Raw ignored local artifact; managed isolated harness"
"EXP-LAYOUT-STABLE-PASS","FWM-PERF-20260905-4fb943b-tree48c574b-u3","DesktopTree.Measure+Arrange, unchanged flat tree","Release; net10.0-windows7.0; x64; no debugger; DOTNET_TieredCompilation=0",1,"managed_allocated","bytes/op",4,824,250000,"GC.GetAllocatedBytesForCurrentThread","artifacts/performance/FWM-PERF-20260905-4fb943b-tree48c574b-u3/performance-harness-tiered-off.csv","Raw ignored local artifact; managed isolated harness"
"EXP-LAYOUT-STABLE-PASS","FWM-PERF-20260905-4fb943b-tree48c574b-u3","DesktopTree.Measure+Arrange, unchanged flat tree","Release; net10.0-windows7.0; x64; no debugger; DOTNET_TieredCompilation=0",1,"gen0_collections","count/run",4,12,250000,"GC.CollectionCount","artifacts/performance/FWM-PERF-20260905-4fb943b-tree48c574b-u3/performance-harness-tiered-off.csv","Raw ignored local artifact; managed isolated harness"
"EXP-LAYOUT-STABLE-PASS","FWM-PERF-20260905-4fb943b-tree48c574b-u3","DesktopTree.Measure+Arrange, unchanged flat tree","Release; net10.0-windows7.0; x64; no debugger; DOTNET_TieredCompilation=0",1,"gen1_collections","count/run",4,0,250000,"GC.CollectionCount","artifacts/performance/FWM-PERF-20260905-4fb943b-tree48c574b-u3/performance-harness-tiered-off.csv","Raw ignored local artifact; managed isolated harness"
"EXP-LAYOUT-STABLE-PASS","FWM-PERF-20260905-4fb943b-tree48c574b-u3","DesktopTree.Measure+Arrange, unchanged flat tree","Release; net10.0-windows7.0; x64; no debugger; DOTNET_TieredCompilation=0",1,"gen2_collections","count/run",4,0,250000,"GC.CollectionCount","artifacts/performance/FWM-PERF-20260905-4fb943b-tree48c574b-u3/performance-harness-tiered-off.csv","Raw ignored local artifact; managed isolated harness"
"EXP-LAYOUT-STABLE-PASS","FWM-PERF-20260905-4fb943b-tree48c574b-u3","DesktopTree.Measure+Arrange, unchanged flat tree","Release; net10.0-windows7.0; x64; no debugger; DOTNET_TieredCompilation=0",1,"elapsed","ns/op",5,358.4224,250000,"Stopwatch.GetTimestamp","artifacts/performance/FWM-PERF-20260905-4fb943b-tree48c574b-u3/performance-harness-tiered-off.csv","Raw ignored local artifact; managed isolated harness"
"EXP-LAYOUT-STABLE-PASS","FWM-PERF-20260905-4fb943b-tree48c574b-u3","DesktopTree.Measure+Arrange, unchanged flat tree","Release; net10.0-windows7.0; x64; no debugger; DOTNET_TieredCompilation=0",1,"managed_allocated","bytes/op",5,824,250000,"GC.GetAllocatedBytesForCurrentThread","artifacts/performance/FWM-PERF-20260905-4fb943b-tree48c574b-u3/performance-harness-tiered-off.csv","Raw ignored local artifact; managed isolated harness"
"EXP-LAYOUT-STABLE-PASS","FWM-PERF-20260905-4fb943b-tree48c574b-u3","DesktopTree.Measure+Arrange, unchanged flat tree","Release; net10.0-windows7.0; x64; no debugger; DOTNET_TieredCompilation=0",1,"gen0_collections","count/run",5,12,250000,"GC.CollectionCount","artifacts/performance/FWM-PERF-20260905-4fb943b-tree48c574b-u3/performance-harness-tiered-off.csv","Raw ignored local artifact; managed isolated harness"
"EXP-LAYOUT-STABLE-PASS","FWM-PERF-20260905-4fb943b-tree48c574b-u3","DesktopTree.Measure+Arrange, unchanged flat tree","Release; net10.0-windows7.0; x64; no debugger; DOTNET_TieredCompilation=0",1,"gen1_collections","count/run",5,0,250000,"GC.CollectionCount","artifacts/performance/FWM-PERF-20260905-4fb943b-tree48c574b-u3/performance-harness-tiered-off.csv","Raw ignored local artifact; managed isolated harness"
"EXP-LAYOUT-STABLE-PASS","FWM-PERF-20260905-4fb943b-tree48c574b-u3","DesktopTree.Measure+Arrange, unchanged flat tree","Release; net10.0-windows7.0; x64; no debugger; DOTNET_TieredCompilation=0",1,"gen2_collections","count/run",5,0,250000,"GC.CollectionCount","artifacts/performance/FWM-PERF-20260905-4fb943b-tree48c574b-u3/performance-harness-tiered-off.csv","Raw ignored local artifact; managed isolated harness"
"EXP-FLEX-STABLE-BASELINE","FWM-PERF-20260905-4fb943b-tree48c574b-u3","Flex.SetContainerWidth(same width), production","Release; net10.0-windows7.0; x64; no debugger; DOTNET_TieredCompilation=0",4,"elapsed","ns/op",1,152.5568,62500,"Stopwatch.GetTimestamp","artifacts/performance/FWM-PERF-20260905-4fb943b-tree48c574b-u3/performance-harness-tiered-off.csv","Raw ignored local artifact; managed isolated harness"
"EXP-FLEX-STABLE-BASELINE","FWM-PERF-20260905-4fb943b-tree48c574b-u3","Flex.SetContainerWidth(same width), production","Release; net10.0-windows7.0; x64; no debugger; DOTNET_TieredCompilation=0",4,"managed_allocated","bytes/op",1,432,62500,"GC.GetAllocatedBytesForCurrentThread","artifacts/performance/FWM-PERF-20260905-4fb943b-tree48c574b-u3/performance-harness-tiered-off.csv","Raw ignored local artifact; managed isolated harness"
"EXP-FLEX-STABLE-BASELINE","FWM-PERF-20260905-4fb943b-tree48c574b-u3","Flex.SetContainerWidth(same width), production","Release; net10.0-windows7.0; x64; no debugger; DOTNET_TieredCompilation=0",4,"gen0_collections","count/run",1,1,62500,"GC.CollectionCount","artifacts/performance/FWM-PERF-20260905-4fb943b-tree48c574b-u3/performance-harness-tiered-off.csv","Raw ignored local artifact; managed isolated harness"
"EXP-FLEX-STABLE-BASELINE","FWM-PERF-20260905-4fb943b-tree48c574b-u3","Flex.SetContainerWidth(same width), production","Release; net10.0-windows7.0; x64; no debugger; DOTNET_TieredCompilation=0",4,"gen1_collections","count/run",1,0,62500,"GC.CollectionCount","artifacts/performance/FWM-PERF-20260905-4fb943b-tree48c574b-u3/performance-harness-tiered-off.csv","Raw ignored local artifact; managed isolated harness"
"EXP-FLEX-STABLE-BASELINE","FWM-PERF-20260905-4fb943b-tree48c574b-u3","Flex.SetContainerWidth(same width), production","Release; net10.0-windows7.0; x64; no debugger; DOTNET_TieredCompilation=0",4,"gen2_collections","count/run",1,0,62500,"GC.CollectionCount","artifacts/performance/FWM-PERF-20260905-4fb943b-tree48c574b-u3/performance-harness-tiered-off.csv","Raw ignored local artifact; managed isolated harness"
"EXP-FLEX-STABLE-GUARD-MODEL","FWM-PERF-20260905-4fb943b-tree48c574b-u3","Flex.SetContainerWidth(same width), experimental call-site guard model","Release; net10.0-windows7.0; x64; no debugger; DOTNET_TieredCompilation=0",4,"elapsed","ns/op",1,1.696,62500,"Stopwatch.GetTimestamp","artifacts/performance/FWM-PERF-20260905-4fb943b-tree48c574b-u3/performance-harness-tiered-off.csv","Raw ignored local artifact; managed isolated harness"
"EXP-FLEX-STABLE-GUARD-MODEL","FWM-PERF-20260905-4fb943b-tree48c574b-u3","Flex.SetContainerWidth(same width), experimental call-site guard model","Release; net10.0-windows7.0; x64; no debugger; DOTNET_TieredCompilation=0",4,"managed_allocated","bytes/op",1,0,62500,"GC.GetAllocatedBytesForCurrentThread","artifacts/performance/FWM-PERF-20260905-4fb943b-tree48c574b-u3/performance-harness-tiered-off.csv","Raw ignored local artifact; managed isolated harness"
"EXP-FLEX-STABLE-GUARD-MODEL","FWM-PERF-20260905-4fb943b-tree48c574b-u3","Flex.SetContainerWidth(same width), experimental call-site guard model","Release; net10.0-windows7.0; x64; no debugger; DOTNET_TieredCompilation=0",4,"gen0_collections","count/run",1,0,62500,"GC.CollectionCount","artifacts/performance/FWM-PERF-20260905-4fb943b-tree48c574b-u3/performance-harness-tiered-off.csv","Raw ignored local artifact; managed isolated harness"
"EXP-FLEX-STABLE-GUARD-MODEL","FWM-PERF-20260905-4fb943b-tree48c574b-u3","Flex.SetContainerWidth(same width), experimental call-site guard model","Release; net10.0-windows7.0; x64; no debugger; DOTNET_TieredCompilation=0",4,"gen1_collections","count/run",1,0,62500,"GC.CollectionCount","artifacts/performance/FWM-PERF-20260905-4fb943b-tree48c574b-u3/performance-harness-tiered-off.csv","Raw ignored local artifact; managed isolated harness"
"EXP-FLEX-STABLE-GUARD-MODEL","FWM-PERF-20260905-4fb943b-tree48c574b-u3","Flex.SetContainerWidth(same width), experimental call-site guard model","Release; net10.0-windows7.0; x64; no debugger; DOTNET_TieredCompilation=0",4,"gen2_collections","count/run",1,0,62500,"GC.CollectionCount","artifacts/performance/FWM-PERF-20260905-4fb943b-tree48c574b-u3/performance-harness-tiered-off.csv","Raw ignored local artifact; managed isolated harness"
"EXP-FLEX-STABLE-GUARD-MODEL","FWM-PERF-20260905-4fb943b-tree48c574b-u3","Flex.SetContainerWidth(same width), experimental call-site guard model","Release; net10.0-windows7.0; x64; no debugger; DOTNET_TieredCompilation=0",4,"elapsed","ns/op",2,2.1232,62500,"Stopwatch.GetTimestamp","artifacts/performance/FWM-PERF-20260905-4fb943b-tree48c574b-u3/performance-harness-tiered-off.csv","Raw ignored local artifact; managed isolated harness"
"EXP-FLEX-STABLE-GUARD-MODEL","FWM-PERF-20260905-4fb943b-tree48c574b-u3","Flex.SetContainerWidth(same width), experimental call-site guard model","Release; net10.0-windows7.0; x64; no debugger; DOTNET_TieredCompilation=0",4,"managed_allocated","bytes/op",2,0,62500,"GC.GetAllocatedBytesForCurrentThread","artifacts/performance/FWM-PERF-20260905-4fb943b-tree48c574b-u3/performance-harness-tiered-off.csv","Raw ignored local artifact; managed isolated harness"
"EXP-FLEX-STABLE-GUARD-MODEL","FWM-PERF-20260905-4fb943b-tree48c574b-u3","Flex.SetContainerWidth(same width), experimental call-site guard model","Release; net10.0-windows7.0; x64; no debugger; DOTNET_TieredCompilation=0",4,"gen0_collections","count/run",2,0,62500,"GC.CollectionCount","artifacts/performance/FWM-PERF-20260905-4fb943b-tree48c574b-u3/performance-harness-tiered-off.csv","Raw ignored local artifact; managed isolated harness"
"EXP-FLEX-STABLE-GUARD-MODEL","FWM-PERF-20260905-4fb943b-tree48c574b-u3","Flex.SetContainerWidth(same width), experimental call-site guard model","Release; net10.0-windows7.0; x64; no debugger; DOTNET_TieredCompilation=0",4,"gen1_collections","count/run",2,0,62500,"GC.CollectionCount","artifacts/performance/FWM-PERF-20260905-4fb943b-tree48c574b-u3/performance-harness-tiered-off.csv","Raw ignored local artifact; managed isolated harness"
"EXP-FLEX-STABLE-GUARD-MODEL","FWM-PERF-20260905-4fb943b-tree48c574b-u3","Flex.SetContainerWidth(same width), experimental call-site guard model","Release; net10.0-windows7.0; x64; no debugger; DOTNET_TieredCompilation=0",4,"gen2_collections","count/run",2,0,62500,"GC.CollectionCount","artifacts/performance/FWM-PERF-20260905-4fb943b-tree48c574b-u3/performance-harness-tiered-off.csv","Raw ignored local artifact; managed isolated harness"
"EXP-FLEX-STABLE-BASELINE","FWM-PERF-20260905-4fb943b-tree48c574b-u3","Flex.SetContainerWidth(same width), production","Release; net10.0-windows7.0; x64; no debugger; DOTNET_TieredCompilation=0",4,"elapsed","ns/op",2,147.1184,62500,"Stopwatch.GetTimestamp","artifacts/performance/FWM-PERF-20260905-4fb943b-tree48c574b-u3/performance-harness-tiered-off.csv","Raw ignored local artifact; managed isolated harness"
"EXP-FLEX-STABLE-BASELINE","FWM-PERF-20260905-4fb943b-tree48c574b-u3","Flex.SetContainerWidth(same width), production","Release; net10.0-windows7.0; x64; no debugger; DOTNET_TieredCompilation=0",4,"managed_allocated","bytes/op",2,432,62500,"GC.GetAllocatedBytesForCurrentThread","artifacts/performance/FWM-PERF-20260905-4fb943b-tree48c574b-u3/performance-harness-tiered-off.csv","Raw ignored local artifact; managed isolated harness"
"EXP-FLEX-STABLE-BASELINE","FWM-PERF-20260905-4fb943b-tree48c574b-u3","Flex.SetContainerWidth(same width), production","Release; net10.0-windows7.0; x64; no debugger; DOTNET_TieredCompilation=0",4,"gen0_collections","count/run",2,1,62500,"GC.CollectionCount","artifacts/performance/FWM-PERF-20260905-4fb943b-tree48c574b-u3/performance-harness-tiered-off.csv","Raw ignored local artifact; managed isolated harness"
"EXP-FLEX-STABLE-BASELINE","FWM-PERF-20260905-4fb943b-tree48c574b-u3","Flex.SetContainerWidth(same width), production","Release; net10.0-windows7.0; x64; no debugger; DOTNET_TieredCompilation=0",4,"gen1_collections","count/run",2,0,62500,"GC.CollectionCount","artifacts/performance/FWM-PERF-20260905-4fb943b-tree48c574b-u3/performance-harness-tiered-off.csv","Raw ignored local artifact; managed isolated harness"
"EXP-FLEX-STABLE-BASELINE","FWM-PERF-20260905-4fb943b-tree48c574b-u3","Flex.SetContainerWidth(same width), production","Release; net10.0-windows7.0; x64; no debugger; DOTNET_TieredCompilation=0",4,"gen2_collections","count/run",2,0,62500,"GC.CollectionCount","artifacts/performance/FWM-PERF-20260905-4fb943b-tree48c574b-u3/performance-harness-tiered-off.csv","Raw ignored local artifact; managed isolated harness"
"EXP-FLEX-STABLE-BASELINE","FWM-PERF-20260905-4fb943b-tree48c574b-u3","Flex.SetContainerWidth(same width), production","Release; net10.0-windows7.0; x64; no debugger; DOTNET_TieredCompilation=0",4,"elapsed","ns/op",3,147.8432,62500,"Stopwatch.GetTimestamp","artifacts/performance/FWM-PERF-20260905-4fb943b-tree48c574b-u3/performance-harness-tiered-off.csv","Raw ignored local artifact; managed isolated harness"
"EXP-FLEX-STABLE-BASELINE","FWM-PERF-20260905-4fb943b-tree48c574b-u3","Flex.SetContainerWidth(same width), production","Release; net10.0-windows7.0; x64; no debugger; DOTNET_TieredCompilation=0",4,"managed_allocated","bytes/op",3,432,62500,"GC.GetAllocatedBytesForCurrentThread","artifacts/performance/FWM-PERF-20260905-4fb943b-tree48c574b-u3/performance-harness-tiered-off.csv","Raw ignored local artifact; managed isolated harness"
"EXP-FLEX-STABLE-BASELINE","FWM-PERF-20260905-4fb943b-tree48c574b-u3","Flex.SetContainerWidth(same width), production","Release; net10.0-windows7.0; x64; no debugger; DOTNET_TieredCompilation=0",4,"gen0_collections","count/run",3,1,62500,"GC.CollectionCount","artifacts/performance/FWM-PERF-20260905-4fb943b-tree48c574b-u3/performance-harness-tiered-off.csv","Raw ignored local artifact; managed isolated harness"
"EXP-FLEX-STABLE-BASELINE","FWM-PERF-20260905-4fb943b-tree48c574b-u3","Flex.SetContainerWidth(same width), production","Release; net10.0-windows7.0; x64; no debugger; DOTNET_TieredCompilation=0",4,"gen1_collections","count/run",3,0,62500,"GC.CollectionCount","artifacts/performance/FWM-PERF-20260905-4fb943b-tree48c574b-u3/performance-harness-tiered-off.csv","Raw ignored local artifact; managed isolated harness"
"EXP-FLEX-STABLE-BASELINE","FWM-PERF-20260905-4fb943b-tree48c574b-u3","Flex.SetContainerWidth(same width), production","Release; net10.0-windows7.0; x64; no debugger; DOTNET_TieredCompilation=0",4,"gen2_collections","count/run",3,0,62500,"GC.CollectionCount","artifacts/performance/FWM-PERF-20260905-4fb943b-tree48c574b-u3/performance-harness-tiered-off.csv","Raw ignored local artifact; managed isolated harness"
"EXP-FLEX-STABLE-GUARD-MODEL","FWM-PERF-20260905-4fb943b-tree48c574b-u3","Flex.SetContainerWidth(same width), experimental call-site guard model","Release; net10.0-windows7.0; x64; no debugger; DOTNET_TieredCompilation=0",4,"elapsed","ns/op",3,1.6976,62500,"Stopwatch.GetTimestamp","artifacts/performance/FWM-PERF-20260905-4fb943b-tree48c574b-u3/performance-harness-tiered-off.csv","Raw ignored local artifact; managed isolated harness"
"EXP-FLEX-STABLE-GUARD-MODEL","FWM-PERF-20260905-4fb943b-tree48c574b-u3","Flex.SetContainerWidth(same width), experimental call-site guard model","Release; net10.0-windows7.0; x64; no debugger; DOTNET_TieredCompilation=0",4,"managed_allocated","bytes/op",3,0,62500,"GC.GetAllocatedBytesForCurrentThread","artifacts/performance/FWM-PERF-20260905-4fb943b-tree48c574b-u3/performance-harness-tiered-off.csv","Raw ignored local artifact; managed isolated harness"
"EXP-FLEX-STABLE-GUARD-MODEL","FWM-PERF-20260905-4fb943b-tree48c574b-u3","Flex.SetContainerWidth(same width), experimental call-site guard model","Release; net10.0-windows7.0; x64; no debugger; DOTNET_TieredCompilation=0",4,"gen0_collections","count/run",3,0,62500,"GC.CollectionCount","artifacts/performance/FWM-PERF-20260905-4fb943b-tree48c574b-u3/performance-harness-tiered-off.csv","Raw ignored local artifact; managed isolated harness"
"EXP-FLEX-STABLE-GUARD-MODEL","FWM-PERF-20260905-4fb943b-tree48c574b-u3","Flex.SetContainerWidth(same width), experimental call-site guard model","Release; net10.0-windows7.0; x64; no debugger; DOTNET_TieredCompilation=0",4,"gen1_collections","count/run",3,0,62500,"GC.CollectionCount","artifacts/performance/FWM-PERF-20260905-4fb943b-tree48c574b-u3/performance-harness-tiered-off.csv","Raw ignored local artifact; managed isolated harness"
"EXP-FLEX-STABLE-GUARD-MODEL","FWM-PERF-20260905-4fb943b-tree48c574b-u3","Flex.SetContainerWidth(same width), experimental call-site guard model","Release; net10.0-windows7.0; x64; no debugger; DOTNET_TieredCompilation=0",4,"gen2_collections","count/run",3,0,62500,"GC.CollectionCount","artifacts/performance/FWM-PERF-20260905-4fb943b-tree48c574b-u3/performance-harness-tiered-off.csv","Raw ignored local artifact; managed isolated harness"
"EXP-FLEX-STABLE-GUARD-MODEL","FWM-PERF-20260905-4fb943b-tree48c574b-u3","Flex.SetContainerWidth(same width), experimental call-site guard model","Release; net10.0-windows7.0; x64; no debugger; DOTNET_TieredCompilation=0",4,"elapsed","ns/op",4,2.2288,62500,"Stopwatch.GetTimestamp","artifacts/performance/FWM-PERF-20260905-4fb943b-tree48c574b-u3/performance-harness-tiered-off.csv","Raw ignored local artifact; managed isolated harness"
"EXP-FLEX-STABLE-GUARD-MODEL","FWM-PERF-20260905-4fb943b-tree48c574b-u3","Flex.SetContainerWidth(same width), experimental call-site guard model","Release; net10.0-windows7.0; x64; no debugger; DOTNET_TieredCompilation=0",4,"managed_allocated","bytes/op",4,0,62500,"GC.GetAllocatedBytesForCurrentThread","artifacts/performance/FWM-PERF-20260905-4fb943b-tree48c574b-u3/performance-harness-tiered-off.csv","Raw ignored local artifact; managed isolated harness"
"EXP-FLEX-STABLE-GUARD-MODEL","FWM-PERF-20260905-4fb943b-tree48c574b-u3","Flex.SetContainerWidth(same width), experimental call-site guard model","Release; net10.0-windows7.0; x64; no debugger; DOTNET_TieredCompilation=0",4,"gen0_collections","count/run",4,0,62500,"GC.CollectionCount","artifacts/performance/FWM-PERF-20260905-4fb943b-tree48c574b-u3/performance-harness-tiered-off.csv","Raw ignored local artifact; managed isolated harness"
"EXP-FLEX-STABLE-GUARD-MODEL","FWM-PERF-20260905-4fb943b-tree48c574b-u3","Flex.SetContainerWidth(same width), experimental call-site guard model","Release; net10.0-windows7.0; x64; no debugger; DOTNET_TieredCompilation=0",4,"gen1_collections","count/run",4,0,62500,"GC.CollectionCount","artifacts/performance/FWM-PERF-20260905-4fb943b-tree48c574b-u3/performance-harness-tiered-off.csv","Raw ignored local artifact; managed isolated harness"
"EXP-FLEX-STABLE-GUARD-MODEL","FWM-PERF-20260905-4fb943b-tree48c574b-u3","Flex.SetContainerWidth(same width), experimental call-site guard model","Release; net10.0-windows7.0; x64; no debugger; DOTNET_TieredCompilation=0",4,"gen2_collections","count/run",4,0,62500,"GC.CollectionCount","artifacts/performance/FWM-PERF-20260905-4fb943b-tree48c574b-u3/performance-harness-tiered-off.csv","Raw ignored local artifact; managed isolated harness"
"EXP-FLEX-STABLE-BASELINE","FWM-PERF-20260905-4fb943b-tree48c574b-u3","Flex.SetContainerWidth(same width), production","Release; net10.0-windows7.0; x64; no debugger; DOTNET_TieredCompilation=0",4,"elapsed","ns/op",4,140.3872,62500,"Stopwatch.GetTimestamp","artifacts/performance/FWM-PERF-20260905-4fb943b-tree48c574b-u3/performance-harness-tiered-off.csv","Raw ignored local artifact; managed isolated harness"
"EXP-FLEX-STABLE-BASELINE","FWM-PERF-20260905-4fb943b-tree48c574b-u3","Flex.SetContainerWidth(same width), production","Release; net10.0-windows7.0; x64; no debugger; DOTNET_TieredCompilation=0",4,"managed_allocated","bytes/op",4,432,62500,"GC.GetAllocatedBytesForCurrentThread","artifacts/performance/FWM-PERF-20260905-4fb943b-tree48c574b-u3/performance-harness-tiered-off.csv","Raw ignored local artifact; managed isolated harness"
"EXP-FLEX-STABLE-BASELINE","FWM-PERF-20260905-4fb943b-tree48c574b-u3","Flex.SetContainerWidth(same width), production","Release; net10.0-windows7.0; x64; no debugger; DOTNET_TieredCompilation=0",4,"gen0_collections","count/run",4,1,62500,"GC.CollectionCount","artifacts/performance/FWM-PERF-20260905-4fb943b-tree48c574b-u3/performance-harness-tiered-off.csv","Raw ignored local artifact; managed isolated harness"
"EXP-FLEX-STABLE-BASELINE","FWM-PERF-20260905-4fb943b-tree48c574b-u3","Flex.SetContainerWidth(same width), production","Release; net10.0-windows7.0; x64; no debugger; DOTNET_TieredCompilation=0",4,"gen1_collections","count/run",4,0,62500,"GC.CollectionCount","artifacts/performance/FWM-PERF-20260905-4fb943b-tree48c574b-u3/performance-harness-tiered-off.csv","Raw ignored local artifact; managed isolated harness"
"EXP-FLEX-STABLE-BASELINE","FWM-PERF-20260905-4fb943b-tree48c574b-u3","Flex.SetContainerWidth(same width), production","Release; net10.0-windows7.0; x64; no debugger; DOTNET_TieredCompilation=0",4,"gen2_collections","count/run",4,0,62500,"GC.CollectionCount","artifacts/performance/FWM-PERF-20260905-4fb943b-tree48c574b-u3/performance-harness-tiered-off.csv","Raw ignored local artifact; managed isolated harness"
"EXP-FLEX-STABLE-BASELINE","FWM-PERF-20260905-4fb943b-tree48c574b-u3","Flex.SetContainerWidth(same width), production","Release; net10.0-windows7.0; x64; no debugger; DOTNET_TieredCompilation=0",4,"elapsed","ns/op",5,142.6576,62500,"Stopwatch.GetTimestamp","artifacts/performance/FWM-PERF-20260905-4fb943b-tree48c574b-u3/performance-harness-tiered-off.csv","Raw ignored local artifact; managed isolated harness"
"EXP-FLEX-STABLE-BASELINE","FWM-PERF-20260905-4fb943b-tree48c574b-u3","Flex.SetContainerWidth(same width), production","Release; net10.0-windows7.0; x64; no debugger; DOTNET_TieredCompilation=0",4,"managed_allocated","bytes/op",5,432,62500,"GC.GetAllocatedBytesForCurrentThread","artifacts/performance/FWM-PERF-20260905-4fb943b-tree48c574b-u3/performance-harness-tiered-off.csv","Raw ignored local artifact; managed isolated harness"
"EXP-FLEX-STABLE-BASELINE","FWM-PERF-20260905-4fb943b-tree48c574b-u3","Flex.SetContainerWidth(same width), production","Release; net10.0-windows7.0; x64; no debugger; DOTNET_TieredCompilation=0",4,"gen0_collections","count/run",5,1,62500,"GC.CollectionCount","artifacts/performance/FWM-PERF-20260905-4fb943b-tree48c574b-u3/performance-harness-tiered-off.csv","Raw ignored local artifact; managed isolated harness"
"EXP-FLEX-STABLE-BASELINE","FWM-PERF-20260905-4fb943b-tree48c574b-u3","Flex.SetContainerWidth(same width), production","Release; net10.0-windows7.0; x64; no debugger; DOTNET_TieredCompilation=0",4,"gen1_collections","count/run",5,0,62500,"GC.CollectionCount","artifacts/performance/FWM-PERF-20260905-4fb943b-tree48c574b-u3/performance-harness-tiered-off.csv","Raw ignored local artifact; managed isolated harness"
"EXP-FLEX-STABLE-BASELINE","FWM-PERF-20260905-4fb943b-tree48c574b-u3","Flex.SetContainerWidth(same width), production","Release; net10.0-windows7.0; x64; no debugger; DOTNET_TieredCompilation=0",4,"gen2_collections","count/run",5,0,62500,"GC.CollectionCount","artifacts/performance/FWM-PERF-20260905-4fb943b-tree48c574b-u3/performance-harness-tiered-off.csv","Raw ignored local artifact; managed isolated harness"
"EXP-FLEX-STABLE-GUARD-MODEL","FWM-PERF-20260905-4fb943b-tree48c574b-u3","Flex.SetContainerWidth(same width), experimental call-site guard model","Release; net10.0-windows7.0; x64; no debugger; DOTNET_TieredCompilation=0",4,"elapsed","ns/op",5,2.1216,62500,"Stopwatch.GetTimestamp","artifacts/performance/FWM-PERF-20260905-4fb943b-tree48c574b-u3/performance-harness-tiered-off.csv","Raw ignored local artifact; managed isolated harness"
"EXP-FLEX-STABLE-GUARD-MODEL","FWM-PERF-20260905-4fb943b-tree48c574b-u3","Flex.SetContainerWidth(same width), experimental call-site guard model","Release; net10.0-windows7.0; x64; no debugger; DOTNET_TieredCompilation=0",4,"managed_allocated","bytes/op",5,0,62500,"GC.GetAllocatedBytesForCurrentThread","artifacts/performance/FWM-PERF-20260905-4fb943b-tree48c574b-u3/performance-harness-tiered-off.csv","Raw ignored local artifact; managed isolated harness"
"EXP-FLEX-STABLE-GUARD-MODEL","FWM-PERF-20260905-4fb943b-tree48c574b-u3","Flex.SetContainerWidth(same width), experimental call-site guard model","Release; net10.0-windows7.0; x64; no debugger; DOTNET_TieredCompilation=0",4,"gen0_collections","count/run",5,0,62500,"GC.CollectionCount","artifacts/performance/FWM-PERF-20260905-4fb943b-tree48c574b-u3/performance-harness-tiered-off.csv","Raw ignored local artifact; managed isolated harness"
"EXP-FLEX-STABLE-GUARD-MODEL","FWM-PERF-20260905-4fb943b-tree48c574b-u3","Flex.SetContainerWidth(same width), experimental call-site guard model","Release; net10.0-windows7.0; x64; no debugger; DOTNET_TieredCompilation=0",4,"gen1_collections","count/run",5,0,62500,"GC.CollectionCount","artifacts/performance/FWM-PERF-20260905-4fb943b-tree48c574b-u3/performance-harness-tiered-off.csv","Raw ignored local artifact; managed isolated harness"
"EXP-FLEX-STABLE-GUARD-MODEL","FWM-PERF-20260905-4fb943b-tree48c574b-u3","Flex.SetContainerWidth(same width), experimental call-site guard model","Release; net10.0-windows7.0; x64; no debugger; DOTNET_TieredCompilation=0",4,"gen2_collections","count/run",5,0,62500,"GC.CollectionCount","artifacts/performance/FWM-PERF-20260905-4fb943b-tree48c574b-u3/performance-harness-tiered-off.csv","Raw ignored local artifact; managed isolated harness"
"EXP-LAYOUT-STABLE-PASS","FWM-PERF-20260905-4fb943b-tree48c574b-u3","DesktopTree.Measure+Arrange, unchanged flat tree","Release; net10.0-windows7.0; x64; no debugger; DOTNET_TieredCompilation=0",4,"elapsed","ns/op",1,559.9824,62500,"Stopwatch.GetTimestamp","artifacts/performance/FWM-PERF-20260905-4fb943b-tree48c574b-u3/performance-harness-tiered-off.csv","Raw ignored local artifact; managed isolated harness"
"EXP-LAYOUT-STABLE-PASS","FWM-PERF-20260905-4fb943b-tree48c574b-u3","DesktopTree.Measure+Arrange, unchanged flat tree","Release; net10.0-windows7.0; x64; no debugger; DOTNET_TieredCompilation=0",4,"managed_allocated","bytes/op",1,1016,62500,"GC.GetAllocatedBytesForCurrentThread","artifacts/performance/FWM-PERF-20260905-4fb943b-tree48c574b-u3/performance-harness-tiered-off.csv","Raw ignored local artifact; managed isolated harness"
"EXP-LAYOUT-STABLE-PASS","FWM-PERF-20260905-4fb943b-tree48c574b-u3","DesktopTree.Measure+Arrange, unchanged flat tree","Release; net10.0-windows7.0; x64; no debugger; DOTNET_TieredCompilation=0",4,"gen0_collections","count/run",1,3,62500,"GC.CollectionCount","artifacts/performance/FWM-PERF-20260905-4fb943b-tree48c574b-u3/performance-harness-tiered-off.csv","Raw ignored local artifact; managed isolated harness"
"EXP-LAYOUT-STABLE-PASS","FWM-PERF-20260905-4fb943b-tree48c574b-u3","DesktopTree.Measure+Arrange, unchanged flat tree","Release; net10.0-windows7.0; x64; no debugger; DOTNET_TieredCompilation=0",4,"gen1_collections","count/run",1,0,62500,"GC.CollectionCount","artifacts/performance/FWM-PERF-20260905-4fb943b-tree48c574b-u3/performance-harness-tiered-off.csv","Raw ignored local artifact; managed isolated harness"
"EXP-LAYOUT-STABLE-PASS","FWM-PERF-20260905-4fb943b-tree48c574b-u3","DesktopTree.Measure+Arrange, unchanged flat tree","Release; net10.0-windows7.0; x64; no debugger; DOTNET_TieredCompilation=0",4,"gen2_collections","count/run",1,0,62500,"GC.CollectionCount","artifacts/performance/FWM-PERF-20260905-4fb943b-tree48c574b-u3/performance-harness-tiered-off.csv","Raw ignored local artifact; managed isolated harness"
"EXP-LAYOUT-STABLE-PASS","FWM-PERF-20260905-4fb943b-tree48c574b-u3","DesktopTree.Measure+Arrange, unchanged flat tree","Release; net10.0-windows7.0; x64; no debugger; DOTNET_TieredCompilation=0",4,"elapsed","ns/op",2,566.6496,62500,"Stopwatch.GetTimestamp","artifacts/performance/FWM-PERF-20260905-4fb943b-tree48c574b-u3/performance-harness-tiered-off.csv","Raw ignored local artifact; managed isolated harness"
"EXP-LAYOUT-STABLE-PASS","FWM-PERF-20260905-4fb943b-tree48c574b-u3","DesktopTree.Measure+Arrange, unchanged flat tree","Release; net10.0-windows7.0; x64; no debugger; DOTNET_TieredCompilation=0",4,"managed_allocated","bytes/op",2,1016,62500,"GC.GetAllocatedBytesForCurrentThread","artifacts/performance/FWM-PERF-20260905-4fb943b-tree48c574b-u3/performance-harness-tiered-off.csv","Raw ignored local artifact; managed isolated harness"
"EXP-LAYOUT-STABLE-PASS","FWM-PERF-20260905-4fb943b-tree48c574b-u3","DesktopTree.Measure+Arrange, unchanged flat tree","Release; net10.0-windows7.0; x64; no debugger; DOTNET_TieredCompilation=0",4,"gen0_collections","count/run",2,3,62500,"GC.CollectionCount","artifacts/performance/FWM-PERF-20260905-4fb943b-tree48c574b-u3/performance-harness-tiered-off.csv","Raw ignored local artifact; managed isolated harness"
"EXP-LAYOUT-STABLE-PASS","FWM-PERF-20260905-4fb943b-tree48c574b-u3","DesktopTree.Measure+Arrange, unchanged flat tree","Release; net10.0-windows7.0; x64; no debugger; DOTNET_TieredCompilation=0",4,"gen1_collections","count/run",2,0,62500,"GC.CollectionCount","artifacts/performance/FWM-PERF-20260905-4fb943b-tree48c574b-u3/performance-harness-tiered-off.csv","Raw ignored local artifact; managed isolated harness"
"EXP-LAYOUT-STABLE-PASS","FWM-PERF-20260905-4fb943b-tree48c574b-u3","DesktopTree.Measure+Arrange, unchanged flat tree","Release; net10.0-windows7.0; x64; no debugger; DOTNET_TieredCompilation=0",4,"gen2_collections","count/run",2,0,62500,"GC.CollectionCount","artifacts/performance/FWM-PERF-20260905-4fb943b-tree48c574b-u3/performance-harness-tiered-off.csv","Raw ignored local artifact; managed isolated harness"
"EXP-LAYOUT-STABLE-PASS","FWM-PERF-20260905-4fb943b-tree48c574b-u3","DesktopTree.Measure+Arrange, unchanged flat tree","Release; net10.0-windows7.0; x64; no debugger; DOTNET_TieredCompilation=0",4,"elapsed","ns/op",3,567.9776,62500,"Stopwatch.GetTimestamp","artifacts/performance/FWM-PERF-20260905-4fb943b-tree48c574b-u3/performance-harness-tiered-off.csv","Raw ignored local artifact; managed isolated harness"
"EXP-LAYOUT-STABLE-PASS","FWM-PERF-20260905-4fb943b-tree48c574b-u3","DesktopTree.Measure+Arrange, unchanged flat tree","Release; net10.0-windows7.0; x64; no debugger; DOTNET_TieredCompilation=0",4,"managed_allocated","bytes/op",3,1016,62500,"GC.GetAllocatedBytesForCurrentThread","artifacts/performance/FWM-PERF-20260905-4fb943b-tree48c574b-u3/performance-harness-tiered-off.csv","Raw ignored local artifact; managed isolated harness"
"EXP-LAYOUT-STABLE-PASS","FWM-PERF-20260905-4fb943b-tree48c574b-u3","DesktopTree.Measure+Arrange, unchanged flat tree","Release; net10.0-windows7.0; x64; no debugger; DOTNET_TieredCompilation=0",4,"gen0_collections","count/run",3,3,62500,"GC.CollectionCount","artifacts/performance/FWM-PERF-20260905-4fb943b-tree48c574b-u3/performance-harness-tiered-off.csv","Raw ignored local artifact; managed isolated harness"
"EXP-LAYOUT-STABLE-PASS","FWM-PERF-20260905-4fb943b-tree48c574b-u3","DesktopTree.Measure+Arrange, unchanged flat tree","Release; net10.0-windows7.0; x64; no debugger; DOTNET_TieredCompilation=0",4,"gen1_collections","count/run",3,0,62500,"GC.CollectionCount","artifacts/performance/FWM-PERF-20260905-4fb943b-tree48c574b-u3/performance-harness-tiered-off.csv","Raw ignored local artifact; managed isolated harness"
"EXP-LAYOUT-STABLE-PASS","FWM-PERF-20260905-4fb943b-tree48c574b-u3","DesktopTree.Measure+Arrange, unchanged flat tree","Release; net10.0-windows7.0; x64; no debugger; DOTNET_TieredCompilation=0",4,"gen2_collections","count/run",3,0,62500,"GC.CollectionCount","artifacts/performance/FWM-PERF-20260905-4fb943b-tree48c574b-u3/performance-harness-tiered-off.csv","Raw ignored local artifact; managed isolated harness"
"EXP-LAYOUT-STABLE-PASS","FWM-PERF-20260905-4fb943b-tree48c574b-u3","DesktopTree.Measure+Arrange, unchanged flat tree","Release; net10.0-windows7.0; x64; no debugger; DOTNET_TieredCompilation=0",4,"elapsed","ns/op",4,568.7312,62500,"Stopwatch.GetTimestamp","artifacts/performance/FWM-PERF-20260905-4fb943b-tree48c574b-u3/performance-harness-tiered-off.csv","Raw ignored local artifact; managed isolated harness"
"EXP-LAYOUT-STABLE-PASS","FWM-PERF-20260905-4fb943b-tree48c574b-u3","DesktopTree.Measure+Arrange, unchanged flat tree","Release; net10.0-windows7.0; x64; no debugger; DOTNET_TieredCompilation=0",4,"managed_allocated","bytes/op",4,1016,62500,"GC.GetAllocatedBytesForCurrentThread","artifacts/performance/FWM-PERF-20260905-4fb943b-tree48c574b-u3/performance-harness-tiered-off.csv","Raw ignored local artifact; managed isolated harness"
"EXP-LAYOUT-STABLE-PASS","FWM-PERF-20260905-4fb943b-tree48c574b-u3","DesktopTree.Measure+Arrange, unchanged flat tree","Release; net10.0-windows7.0; x64; no debugger; DOTNET_TieredCompilation=0",4,"gen0_collections","count/run",4,3,62500,"GC.CollectionCount","artifacts/performance/FWM-PERF-20260905-4fb943b-tree48c574b-u3/performance-harness-tiered-off.csv","Raw ignored local artifact; managed isolated harness"
"EXP-LAYOUT-STABLE-PASS","FWM-PERF-20260905-4fb943b-tree48c574b-u3","DesktopTree.Measure+Arrange, unchanged flat tree","Release; net10.0-windows7.0; x64; no debugger; DOTNET_TieredCompilation=0",4,"gen1_collections","count/run",4,0,62500,"GC.CollectionCount","artifacts/performance/FWM-PERF-20260905-4fb943b-tree48c574b-u3/performance-harness-tiered-off.csv","Raw ignored local artifact; managed isolated harness"
"EXP-LAYOUT-STABLE-PASS","FWM-PERF-20260905-4fb943b-tree48c574b-u3","DesktopTree.Measure+Arrange, unchanged flat tree","Release; net10.0-windows7.0; x64; no debugger; DOTNET_TieredCompilation=0",4,"gen2_collections","count/run",4,0,62500,"GC.CollectionCount","artifacts/performance/FWM-PERF-20260905-4fb943b-tree48c574b-u3/performance-harness-tiered-off.csv","Raw ignored local artifact; managed isolated harness"
"EXP-LAYOUT-STABLE-PASS","FWM-PERF-20260905-4fb943b-tree48c574b-u3","DesktopTree.Measure+Arrange, unchanged flat tree","Release; net10.0-windows7.0; x64; no debugger; DOTNET_TieredCompilation=0",4,"elapsed","ns/op",5,560.368,62500,"Stopwatch.GetTimestamp","artifacts/performance/FWM-PERF-20260905-4fb943b-tree48c574b-u3/performance-harness-tiered-off.csv","Raw ignored local artifact; managed isolated harness"
"EXP-LAYOUT-STABLE-PASS","FWM-PERF-20260905-4fb943b-tree48c574b-u3","DesktopTree.Measure+Arrange, unchanged flat tree","Release; net10.0-windows7.0; x64; no debugger; DOTNET_TieredCompilation=0",4,"managed_allocated","bytes/op",5,1016,62500,"GC.GetAllocatedBytesForCurrentThread","artifacts/performance/FWM-PERF-20260905-4fb943b-tree48c574b-u3/performance-harness-tiered-off.csv","Raw ignored local artifact; managed isolated harness"
"EXP-LAYOUT-STABLE-PASS","FWM-PERF-20260905-4fb943b-tree48c574b-u3","DesktopTree.Measure+Arrange, unchanged flat tree","Release; net10.0-windows7.0; x64; no debugger; DOTNET_TieredCompilation=0",4,"gen0_collections","count/run",5,3,62500,"GC.CollectionCount","artifacts/performance/FWM-PERF-20260905-4fb943b-tree48c574b-u3/performance-harness-tiered-off.csv","Raw ignored local artifact; managed isolated harness"
"EXP-LAYOUT-STABLE-PASS","FWM-PERF-20260905-4fb943b-tree48c574b-u3","DesktopTree.Measure+Arrange, unchanged flat tree","Release; net10.0-windows7.0; x64; no debugger; DOTNET_TieredCompilation=0",4,"gen1_collections","count/run",5,0,62500,"GC.CollectionCount","artifacts/performance/FWM-PERF-20260905-4fb943b-tree48c574b-u3/performance-harness-tiered-off.csv","Raw ignored local artifact; managed isolated harness"
"EXP-LAYOUT-STABLE-PASS","FWM-PERF-20260905-4fb943b-tree48c574b-u3","DesktopTree.Measure+Arrange, unchanged flat tree","Release; net10.0-windows7.0; x64; no debugger; DOTNET_TieredCompilation=0",4,"gen2_collections","count/run",5,0,62500,"GC.CollectionCount","artifacts/performance/FWM-PERF-20260905-4fb943b-tree48c574b-u3/performance-harness-tiered-off.csv","Raw ignored local artifact; managed isolated harness"
"EXP-FLEX-STABLE-BASELINE","FWM-PERF-20260905-4fb943b-tree48c574b-u3","Flex.SetContainerWidth(same width), production","Release; net10.0-windows7.0; x64; no debugger; DOTNET_TieredCompilation=0",10,"elapsed","ns/op",1,228.976,25000,"Stopwatch.GetTimestamp","artifacts/performance/FWM-PERF-20260905-4fb943b-tree48c574b-u3/performance-harness-tiered-off.csv","Raw ignored local artifact; managed isolated harness"
"EXP-FLEX-STABLE-BASELINE","FWM-PERF-20260905-4fb943b-tree48c574b-u3","Flex.SetContainerWidth(same width), production","Release; net10.0-windows7.0; x64; no debugger; DOTNET_TieredCompilation=0",10,"managed_allocated","bytes/op",1,576,25000,"GC.GetAllocatedBytesForCurrentThread","artifacts/performance/FWM-PERF-20260905-4fb943b-tree48c574b-u3/performance-harness-tiered-off.csv","Raw ignored local artifact; managed isolated harness"
"EXP-FLEX-STABLE-BASELINE","FWM-PERF-20260905-4fb943b-tree48c574b-u3","Flex.SetContainerWidth(same width), production","Release; net10.0-windows7.0; x64; no debugger; DOTNET_TieredCompilation=0",10,"gen0_collections","count/run",1,0,25000,"GC.CollectionCount","artifacts/performance/FWM-PERF-20260905-4fb943b-tree48c574b-u3/performance-harness-tiered-off.csv","Raw ignored local artifact; managed isolated harness"
"EXP-FLEX-STABLE-BASELINE","FWM-PERF-20260905-4fb943b-tree48c574b-u3","Flex.SetContainerWidth(same width), production","Release; net10.0-windows7.0; x64; no debugger; DOTNET_TieredCompilation=0",10,"gen1_collections","count/run",1,0,25000,"GC.CollectionCount","artifacts/performance/FWM-PERF-20260905-4fb943b-tree48c574b-u3/performance-harness-tiered-off.csv","Raw ignored local artifact; managed isolated harness"
"EXP-FLEX-STABLE-BASELINE","FWM-PERF-20260905-4fb943b-tree48c574b-u3","Flex.SetContainerWidth(same width), production","Release; net10.0-windows7.0; x64; no debugger; DOTNET_TieredCompilation=0",10,"gen2_collections","count/run",1,0,25000,"GC.CollectionCount","artifacts/performance/FWM-PERF-20260905-4fb943b-tree48c574b-u3/performance-harness-tiered-off.csv","Raw ignored local artifact; managed isolated harness"
"EXP-FLEX-STABLE-GUARD-MODEL","FWM-PERF-20260905-4fb943b-tree48c574b-u3","Flex.SetContainerWidth(same width), experimental call-site guard model","Release; net10.0-windows7.0; x64; no debugger; DOTNET_TieredCompilation=0",10,"elapsed","ns/op",1,2.136,25000,"Stopwatch.GetTimestamp","artifacts/performance/FWM-PERF-20260905-4fb943b-tree48c574b-u3/performance-harness-tiered-off.csv","Raw ignored local artifact; managed isolated harness"
"EXP-FLEX-STABLE-GUARD-MODEL","FWM-PERF-20260905-4fb943b-tree48c574b-u3","Flex.SetContainerWidth(same width), experimental call-site guard model","Release; net10.0-windows7.0; x64; no debugger; DOTNET_TieredCompilation=0",10,"managed_allocated","bytes/op",1,0,25000,"GC.GetAllocatedBytesForCurrentThread","artifacts/performance/FWM-PERF-20260905-4fb943b-tree48c574b-u3/performance-harness-tiered-off.csv","Raw ignored local artifact; managed isolated harness"
"EXP-FLEX-STABLE-GUARD-MODEL","FWM-PERF-20260905-4fb943b-tree48c574b-u3","Flex.SetContainerWidth(same width), experimental call-site guard model","Release; net10.0-windows7.0; x64; no debugger; DOTNET_TieredCompilation=0",10,"gen0_collections","count/run",1,0,25000,"GC.CollectionCount","artifacts/performance/FWM-PERF-20260905-4fb943b-tree48c574b-u3/performance-harness-tiered-off.csv","Raw ignored local artifact; managed isolated harness"
"EXP-FLEX-STABLE-GUARD-MODEL","FWM-PERF-20260905-4fb943b-tree48c574b-u3","Flex.SetContainerWidth(same width), experimental call-site guard model","Release; net10.0-windows7.0; x64; no debugger; DOTNET_TieredCompilation=0",10,"gen1_collections","count/run",1,0,25000,"GC.CollectionCount","artifacts/performance/FWM-PERF-20260905-4fb943b-tree48c574b-u3/performance-harness-tiered-off.csv","Raw ignored local artifact; managed isolated harness"
"EXP-FLEX-STABLE-GUARD-MODEL","FWM-PERF-20260905-4fb943b-tree48c574b-u3","Flex.SetContainerWidth(same width), experimental call-site guard model","Release; net10.0-windows7.0; x64; no debugger; DOTNET_TieredCompilation=0",10,"gen2_collections","count/run",1,0,25000,"GC.CollectionCount","artifacts/performance/FWM-PERF-20260905-4fb943b-tree48c574b-u3/performance-harness-tiered-off.csv","Raw ignored local artifact; managed isolated harness"
"EXP-FLEX-STABLE-GUARD-MODEL","FWM-PERF-20260905-4fb943b-tree48c574b-u3","Flex.SetContainerWidth(same width), experimental call-site guard model","Release; net10.0-windows7.0; x64; no debugger; DOTNET_TieredCompilation=0",10,"elapsed","ns/op",2,2.136,25000,"Stopwatch.GetTimestamp","artifacts/performance/FWM-PERF-20260905-4fb943b-tree48c574b-u3/performance-harness-tiered-off.csv","Raw ignored local artifact; managed isolated harness"
"EXP-FLEX-STABLE-GUARD-MODEL","FWM-PERF-20260905-4fb943b-tree48c574b-u3","Flex.SetContainerWidth(same width), experimental call-site guard model","Release; net10.0-windows7.0; x64; no debugger; DOTNET_TieredCompilation=0",10,"managed_allocated","bytes/op",2,0,25000,"GC.GetAllocatedBytesForCurrentThread","artifacts/performance/FWM-PERF-20260905-4fb943b-tree48c574b-u3/performance-harness-tiered-off.csv","Raw ignored local artifact; managed isolated harness"
"EXP-FLEX-STABLE-GUARD-MODEL","FWM-PERF-20260905-4fb943b-tree48c574b-u3","Flex.SetContainerWidth(same width), experimental call-site guard model","Release; net10.0-windows7.0; x64; no debugger; DOTNET_TieredCompilation=0",10,"gen0_collections","count/run",2,0,25000,"GC.CollectionCount","artifacts/performance/FWM-PERF-20260905-4fb943b-tree48c574b-u3/performance-harness-tiered-off.csv","Raw ignored local artifact; managed isolated harness"
"EXP-FLEX-STABLE-GUARD-MODEL","FWM-PERF-20260905-4fb943b-tree48c574b-u3","Flex.SetContainerWidth(same width), experimental call-site guard model","Release; net10.0-windows7.0; x64; no debugger; DOTNET_TieredCompilation=0",10,"gen1_collections","count/run",2,0,25000,"GC.CollectionCount","artifacts/performance/FWM-PERF-20260905-4fb943b-tree48c574b-u3/performance-harness-tiered-off.csv","Raw ignored local artifact; managed isolated harness"
"EXP-FLEX-STABLE-GUARD-MODEL","FWM-PERF-20260905-4fb943b-tree48c574b-u3","Flex.SetContainerWidth(same width), experimental call-site guard model","Release; net10.0-windows7.0; x64; no debugger; DOTNET_TieredCompilation=0",10,"gen2_collections","count/run",2,0,25000,"GC.CollectionCount","artifacts/performance/FWM-PERF-20260905-4fb943b-tree48c574b-u3/performance-harness-tiered-off.csv","Raw ignored local artifact; managed isolated harness"
"EXP-FLEX-STABLE-BASELINE","FWM-PERF-20260905-4fb943b-tree48c574b-u3","Flex.SetContainerWidth(same width), production","Release; net10.0-windows7.0; x64; no debugger; DOTNET_TieredCompilation=0",10,"elapsed","ns/op",2,242.972,25000,"Stopwatch.GetTimestamp","artifacts/performance/FWM-PERF-20260905-4fb943b-tree48c574b-u3/performance-harness-tiered-off.csv","Raw ignored local artifact; managed isolated harness"
"EXP-FLEX-STABLE-BASELINE","FWM-PERF-20260905-4fb943b-tree48c574b-u3","Flex.SetContainerWidth(same width), production","Release; net10.0-windows7.0; x64; no debugger; DOTNET_TieredCompilation=0",10,"managed_allocated","bytes/op",2,576,25000,"GC.GetAllocatedBytesForCurrentThread","artifacts/performance/FWM-PERF-20260905-4fb943b-tree48c574b-u3/performance-harness-tiered-off.csv","Raw ignored local artifact; managed isolated harness"
"EXP-FLEX-STABLE-BASELINE","FWM-PERF-20260905-4fb943b-tree48c574b-u3","Flex.SetContainerWidth(same width), production","Release; net10.0-windows7.0; x64; no debugger; DOTNET_TieredCompilation=0",10,"gen0_collections","count/run",2,0,25000,"GC.CollectionCount","artifacts/performance/FWM-PERF-20260905-4fb943b-tree48c574b-u3/performance-harness-tiered-off.csv","Raw ignored local artifact; managed isolated harness"
"EXP-FLEX-STABLE-BASELINE","FWM-PERF-20260905-4fb943b-tree48c574b-u3","Flex.SetContainerWidth(same width), production","Release; net10.0-windows7.0; x64; no debugger; DOTNET_TieredCompilation=0",10,"gen1_collections","count/run",2,0,25000,"GC.CollectionCount","artifacts/performance/FWM-PERF-20260905-4fb943b-tree48c574b-u3/performance-harness-tiered-off.csv","Raw ignored local artifact; managed isolated harness"
"EXP-FLEX-STABLE-BASELINE","FWM-PERF-20260905-4fb943b-tree48c574b-u3","Flex.SetContainerWidth(same width), production","Release; net10.0-windows7.0; x64; no debugger; DOTNET_TieredCompilation=0",10,"gen2_collections","count/run",2,0,25000,"GC.CollectionCount","artifacts/performance/FWM-PERF-20260905-4fb943b-tree48c574b-u3/performance-harness-tiered-off.csv","Raw ignored local artifact; managed isolated harness"
"EXP-FLEX-STABLE-BASELINE","FWM-PERF-20260905-4fb943b-tree48c574b-u3","Flex.SetContainerWidth(same width), production","Release; net10.0-windows7.0; x64; no debugger; DOTNET_TieredCompilation=0",10,"elapsed","ns/op",3,227.508,25000,"Stopwatch.GetTimestamp","artifacts/performance/FWM-PERF-20260905-4fb943b-tree48c574b-u3/performance-harness-tiered-off.csv","Raw ignored local artifact; managed isolated harness"
"EXP-FLEX-STABLE-BASELINE","FWM-PERF-20260905-4fb943b-tree48c574b-u3","Flex.SetContainerWidth(same width), production","Release; net10.0-windows7.0; x64; no debugger; DOTNET_TieredCompilation=0",10,"managed_allocated","bytes/op",3,576,25000,"GC.GetAllocatedBytesForCurrentThread","artifacts/performance/FWM-PERF-20260905-4fb943b-tree48c574b-u3/performance-harness-tiered-off.csv","Raw ignored local artifact; managed isolated harness"
"EXP-FLEX-STABLE-BASELINE","FWM-PERF-20260905-4fb943b-tree48c574b-u3","Flex.SetContainerWidth(same width), production","Release; net10.0-windows7.0; x64; no debugger; DOTNET_TieredCompilation=0",10,"gen0_collections","count/run",3,0,25000,"GC.CollectionCount","artifacts/performance/FWM-PERF-20260905-4fb943b-tree48c574b-u3/performance-harness-tiered-off.csv","Raw ignored local artifact; managed isolated harness"
"EXP-FLEX-STABLE-BASELINE","FWM-PERF-20260905-4fb943b-tree48c574b-u3","Flex.SetContainerWidth(same width), production","Release; net10.0-windows7.0; x64; no debugger; DOTNET_TieredCompilation=0",10,"gen1_collections","count/run",3,0,25000,"GC.CollectionCount","artifacts/performance/FWM-PERF-20260905-4fb943b-tree48c574b-u3/performance-harness-tiered-off.csv","Raw ignored local artifact; managed isolated harness"
"EXP-FLEX-STABLE-BASELINE","FWM-PERF-20260905-4fb943b-tree48c574b-u3","Flex.SetContainerWidth(same width), production","Release; net10.0-windows7.0; x64; no debugger; DOTNET_TieredCompilation=0",10,"gen2_collections","count/run",3,0,25000,"GC.CollectionCount","artifacts/performance/FWM-PERF-20260905-4fb943b-tree48c574b-u3/performance-harness-tiered-off.csv","Raw ignored local artifact; managed isolated harness"
"EXP-FLEX-STABLE-GUARD-MODEL","FWM-PERF-20260905-4fb943b-tree48c574b-u3","Flex.SetContainerWidth(same width), experimental call-site guard model","Release; net10.0-windows7.0; x64; no debugger; DOTNET_TieredCompilation=0",10,"elapsed","ns/op",3,1.9,25000,"Stopwatch.GetTimestamp","artifacts/performance/FWM-PERF-20260905-4fb943b-tree48c574b-u3/performance-harness-tiered-off.csv","Raw ignored local artifact; managed isolated harness"
"EXP-FLEX-STABLE-GUARD-MODEL","FWM-PERF-20260905-4fb943b-tree48c574b-u3","Flex.SetContainerWidth(same width), experimental call-site guard model","Release; net10.0-windows7.0; x64; no debugger; DOTNET_TieredCompilation=0",10,"managed_allocated","bytes/op",3,0,25000,"GC.GetAllocatedBytesForCurrentThread","artifacts/performance/FWM-PERF-20260905-4fb943b-tree48c574b-u3/performance-harness-tiered-off.csv","Raw ignored local artifact; managed isolated harness"
"EXP-FLEX-STABLE-GUARD-MODEL","FWM-PERF-20260905-4fb943b-tree48c574b-u3","Flex.SetContainerWidth(same width), experimental call-site guard model","Release; net10.0-windows7.0; x64; no debugger; DOTNET_TieredCompilation=0",10,"gen0_collections","count/run",3,0,25000,"GC.CollectionCount","artifacts/performance/FWM-PERF-20260905-4fb943b-tree48c574b-u3/performance-harness-tiered-off.csv","Raw ignored local artifact; managed isolated harness"
"EXP-FLEX-STABLE-GUARD-MODEL","FWM-PERF-20260905-4fb943b-tree48c574b-u3","Flex.SetContainerWidth(same width), experimental call-site guard model","Release; net10.0-windows7.0; x64; no debugger; DOTNET_TieredCompilation=0",10,"gen1_collections","count/run",3,0,25000,"GC.CollectionCount","artifacts/performance/FWM-PERF-20260905-4fb943b-tree48c574b-u3/performance-harness-tiered-off.csv","Raw ignored local artifact; managed isolated harness"
"EXP-FLEX-STABLE-GUARD-MODEL","FWM-PERF-20260905-4fb943b-tree48c574b-u3","Flex.SetContainerWidth(same width), experimental call-site guard model","Release; net10.0-windows7.0; x64; no debugger; DOTNET_TieredCompilation=0",10,"gen2_collections","count/run",3,0,25000,"GC.CollectionCount","artifacts/performance/FWM-PERF-20260905-4fb943b-tree48c574b-u3/performance-harness-tiered-off.csv","Raw ignored local artifact; managed isolated harness"
"EXP-FLEX-STABLE-GUARD-MODEL","FWM-PERF-20260905-4fb943b-tree48c574b-u3","Flex.SetContainerWidth(same width), experimental call-site guard model","Release; net10.0-windows7.0; x64; no debugger; DOTNET_TieredCompilation=0",10,"elapsed","ns/op",4,1.948,25000,"Stopwatch.GetTimestamp","artifacts/performance/FWM-PERF-20260905-4fb943b-tree48c574b-u3/performance-harness-tiered-off.csv","Raw ignored local artifact; managed isolated harness"
"EXP-FLEX-STABLE-GUARD-MODEL","FWM-PERF-20260905-4fb943b-tree48c574b-u3","Flex.SetContainerWidth(same width), experimental call-site guard model","Release; net10.0-windows7.0; x64; no debugger; DOTNET_TieredCompilation=0",10,"managed_allocated","bytes/op",4,0,25000,"GC.GetAllocatedBytesForCurrentThread","artifacts/performance/FWM-PERF-20260905-4fb943b-tree48c574b-u3/performance-harness-tiered-off.csv","Raw ignored local artifact; managed isolated harness"
"EXP-FLEX-STABLE-GUARD-MODEL","FWM-PERF-20260905-4fb943b-tree48c574b-u3","Flex.SetContainerWidth(same width), experimental call-site guard model","Release; net10.0-windows7.0; x64; no debugger; DOTNET_TieredCompilation=0",10,"gen0_collections","count/run",4,0,25000,"GC.CollectionCount","artifacts/performance/FWM-PERF-20260905-4fb943b-tree48c574b-u3/performance-harness-tiered-off.csv","Raw ignored local artifact; managed isolated harness"
"EXP-FLEX-STABLE-GUARD-MODEL","FWM-PERF-20260905-4fb943b-tree48c574b-u3","Flex.SetContainerWidth(same width), experimental call-site guard model","Release; net10.0-windows7.0; x64; no debugger; DOTNET_TieredCompilation=0",10,"gen1_collections","count/run",4,0,25000,"GC.CollectionCount","artifacts/performance/FWM-PERF-20260905-4fb943b-tree48c574b-u3/performance-harness-tiered-off.csv","Raw ignored local artifact; managed isolated harness"
"EXP-FLEX-STABLE-GUARD-MODEL","FWM-PERF-20260905-4fb943b-tree48c574b-u3","Flex.SetContainerWidth(same width), experimental call-site guard model","Release; net10.0-windows7.0; x64; no debugger; DOTNET_TieredCompilation=0",10,"gen2_collections","count/run",4,0,25000,"GC.CollectionCount","artifacts/performance/FWM-PERF-20260905-4fb943b-tree48c574b-u3/performance-harness-tiered-off.csv","Raw ignored local artifact; managed isolated harness"
"EXP-FLEX-STABLE-BASELINE","FWM-PERF-20260905-4fb943b-tree48c574b-u3","Flex.SetContainerWidth(same width), production","Release; net10.0-windows7.0; x64; no debugger; DOTNET_TieredCompilation=0",10,"elapsed","ns/op",4,237.32,25000,"Stopwatch.GetTimestamp","artifacts/performance/FWM-PERF-20260905-4fb943b-tree48c574b-u3/performance-harness-tiered-off.csv","Raw ignored local artifact; managed isolated harness"
"EXP-FLEX-STABLE-BASELINE","FWM-PERF-20260905-4fb943b-tree48c574b-u3","Flex.SetContainerWidth(same width), production","Release; net10.0-windows7.0; x64; no debugger; DOTNET_TieredCompilation=0",10,"managed_allocated","bytes/op",4,576,25000,"GC.GetAllocatedBytesForCurrentThread","artifacts/performance/FWM-PERF-20260905-4fb943b-tree48c574b-u3/performance-harness-tiered-off.csv","Raw ignored local artifact; managed isolated harness"
"EXP-FLEX-STABLE-BASELINE","FWM-PERF-20260905-4fb943b-tree48c574b-u3","Flex.SetContainerWidth(same width), production","Release; net10.0-windows7.0; x64; no debugger; DOTNET_TieredCompilation=0",10,"gen0_collections","count/run",4,0,25000,"GC.CollectionCount","artifacts/performance/FWM-PERF-20260905-4fb943b-tree48c574b-u3/performance-harness-tiered-off.csv","Raw ignored local artifact; managed isolated harness"
"EXP-FLEX-STABLE-BASELINE","FWM-PERF-20260905-4fb943b-tree48c574b-u3","Flex.SetContainerWidth(same width), production","Release; net10.0-windows7.0; x64; no debugger; DOTNET_TieredCompilation=0",10,"gen1_collections","count/run",4,0,25000,"GC.CollectionCount","artifacts/performance/FWM-PERF-20260905-4fb943b-tree48c574b-u3/performance-harness-tiered-off.csv","Raw ignored local artifact; managed isolated harness"
"EXP-FLEX-STABLE-BASELINE","FWM-PERF-20260905-4fb943b-tree48c574b-u3","Flex.SetContainerWidth(same width), production","Release; net10.0-windows7.0; x64; no debugger; DOTNET_TieredCompilation=0",10,"gen2_collections","count/run",4,0,25000,"GC.CollectionCount","artifacts/performance/FWM-PERF-20260905-4fb943b-tree48c574b-u3/performance-harness-tiered-off.csv","Raw ignored local artifact; managed isolated harness"
"EXP-FLEX-STABLE-BASELINE","FWM-PERF-20260905-4fb943b-tree48c574b-u3","Flex.SetContainerWidth(same width), production","Release; net10.0-windows7.0; x64; no debugger; DOTNET_TieredCompilation=0",10,"elapsed","ns/op",5,226.564,25000,"Stopwatch.GetTimestamp","artifacts/performance/FWM-PERF-20260905-4fb943b-tree48c574b-u3/performance-harness-tiered-off.csv","Raw ignored local artifact; managed isolated harness"
"EXP-FLEX-STABLE-BASELINE","FWM-PERF-20260905-4fb943b-tree48c574b-u3","Flex.SetContainerWidth(same width), production","Release; net10.0-windows7.0; x64; no debugger; DOTNET_TieredCompilation=0",10,"managed_allocated","bytes/op",5,576,25000,"GC.GetAllocatedBytesForCurrentThread","artifacts/performance/FWM-PERF-20260905-4fb943b-tree48c574b-u3/performance-harness-tiered-off.csv","Raw ignored local artifact; managed isolated harness"
"EXP-FLEX-STABLE-BASELINE","FWM-PERF-20260905-4fb943b-tree48c574b-u3","Flex.SetContainerWidth(same width), production","Release; net10.0-windows7.0; x64; no debugger; DOTNET_TieredCompilation=0",10,"gen0_collections","count/run",5,0,25000,"GC.CollectionCount","artifacts/performance/FWM-PERF-20260905-4fb943b-tree48c574b-u3/performance-harness-tiered-off.csv","Raw ignored local artifact; managed isolated harness"
"EXP-FLEX-STABLE-BASELINE","FWM-PERF-20260905-4fb943b-tree48c574b-u3","Flex.SetContainerWidth(same width), production","Release; net10.0-windows7.0; x64; no debugger; DOTNET_TieredCompilation=0",10,"gen1_collections","count/run",5,0,25000,"GC.CollectionCount","artifacts/performance/FWM-PERF-20260905-4fb943b-tree48c574b-u3/performance-harness-tiered-off.csv","Raw ignored local artifact; managed isolated harness"
"EXP-FLEX-STABLE-BASELINE","FWM-PERF-20260905-4fb943b-tree48c574b-u3","Flex.SetContainerWidth(same width), production","Release; net10.0-windows7.0; x64; no debugger; DOTNET_TieredCompilation=0",10,"gen2_collections","count/run",5,0,25000,"GC.CollectionCount","artifacts/performance/FWM-PERF-20260905-4fb943b-tree48c574b-u3/performance-harness-tiered-off.csv","Raw ignored local artifact; managed isolated harness"
"EXP-FLEX-STABLE-GUARD-MODEL","FWM-PERF-20260905-4fb943b-tree48c574b-u3","Flex.SetContainerWidth(same width), experimental call-site guard model","Release; net10.0-windows7.0; x64; no debugger; DOTNET_TieredCompilation=0",10,"elapsed","ns/op",5,1.72,25000,"Stopwatch.GetTimestamp","artifacts/performance/FWM-PERF-20260905-4fb943b-tree48c574b-u3/performance-harness-tiered-off.csv","Raw ignored local artifact; managed isolated harness"
"EXP-FLEX-STABLE-GUARD-MODEL","FWM-PERF-20260905-4fb943b-tree48c574b-u3","Flex.SetContainerWidth(same width), experimental call-site guard model","Release; net10.0-windows7.0; x64; no debugger; DOTNET_TieredCompilation=0",10,"managed_allocated","bytes/op",5,0,25000,"GC.GetAllocatedBytesForCurrentThread","artifacts/performance/FWM-PERF-20260905-4fb943b-tree48c574b-u3/performance-harness-tiered-off.csv","Raw ignored local artifact; managed isolated harness"
"EXP-FLEX-STABLE-GUARD-MODEL","FWM-PERF-20260905-4fb943b-tree48c574b-u3","Flex.SetContainerWidth(same width), experimental call-site guard model","Release; net10.0-windows7.0; x64; no debugger; DOTNET_TieredCompilation=0",10,"gen0_collections","count/run",5,0,25000,"GC.CollectionCount","artifacts/performance/FWM-PERF-20260905-4fb943b-tree48c574b-u3/performance-harness-tiered-off.csv","Raw ignored local artifact; managed isolated harness"
"EXP-FLEX-STABLE-GUARD-MODEL","FWM-PERF-20260905-4fb943b-tree48c574b-u3","Flex.SetContainerWidth(same width), experimental call-site guard model","Release; net10.0-windows7.0; x64; no debugger; DOTNET_TieredCompilation=0",10,"gen1_collections","count/run",5,0,25000,"GC.CollectionCount","artifacts/performance/FWM-PERF-20260905-4fb943b-tree48c574b-u3/performance-harness-tiered-off.csv","Raw ignored local artifact; managed isolated harness"
"EXP-FLEX-STABLE-GUARD-MODEL","FWM-PERF-20260905-4fb943b-tree48c574b-u3","Flex.SetContainerWidth(same width), experimental call-site guard model","Release; net10.0-windows7.0; x64; no debugger; DOTNET_TieredCompilation=0",10,"gen2_collections","count/run",5,0,25000,"GC.CollectionCount","artifacts/performance/FWM-PERF-20260905-4fb943b-tree48c574b-u3/performance-harness-tiered-off.csv","Raw ignored local artifact; managed isolated harness"
"EXP-LAYOUT-STABLE-PASS","FWM-PERF-20260905-4fb943b-tree48c574b-u3","DesktopTree.Measure+Arrange, unchanged flat tree","Release; net10.0-windows7.0; x64; no debugger; DOTNET_TieredCompilation=0",10,"elapsed","ns/op",1,1012.88,25000,"Stopwatch.GetTimestamp","artifacts/performance/FWM-PERF-20260905-4fb943b-tree48c574b-u3/performance-harness-tiered-off.csv","Raw ignored local artifact; managed isolated harness"
"EXP-LAYOUT-STABLE-PASS","FWM-PERF-20260905-4fb943b-tree48c574b-u3","DesktopTree.Measure+Arrange, unchanged flat tree","Release; net10.0-windows7.0; x64; no debugger; DOTNET_TieredCompilation=0",10,"managed_allocated","bytes/op",1,1400,25000,"GC.GetAllocatedBytesForCurrentThread","artifacts/performance/FWM-PERF-20260905-4fb943b-tree48c574b-u3/performance-harness-tiered-off.csv","Raw ignored local artifact; managed isolated harness"
"EXP-LAYOUT-STABLE-PASS","FWM-PERF-20260905-4fb943b-tree48c574b-u3","DesktopTree.Measure+Arrange, unchanged flat tree","Release; net10.0-windows7.0; x64; no debugger; DOTNET_TieredCompilation=0",10,"gen0_collections","count/run",1,2,25000,"GC.CollectionCount","artifacts/performance/FWM-PERF-20260905-4fb943b-tree48c574b-u3/performance-harness-tiered-off.csv","Raw ignored local artifact; managed isolated harness"
"EXP-LAYOUT-STABLE-PASS","FWM-PERF-20260905-4fb943b-tree48c574b-u3","DesktopTree.Measure+Arrange, unchanged flat tree","Release; net10.0-windows7.0; x64; no debugger; DOTNET_TieredCompilation=0",10,"gen1_collections","count/run",1,0,25000,"GC.CollectionCount","artifacts/performance/FWM-PERF-20260905-4fb943b-tree48c574b-u3/performance-harness-tiered-off.csv","Raw ignored local artifact; managed isolated harness"
"EXP-LAYOUT-STABLE-PASS","FWM-PERF-20260905-4fb943b-tree48c574b-u3","DesktopTree.Measure+Arrange, unchanged flat tree","Release; net10.0-windows7.0; x64; no debugger; DOTNET_TieredCompilation=0",10,"gen2_collections","count/run",1,0,25000,"GC.CollectionCount","artifacts/performance/FWM-PERF-20260905-4fb943b-tree48c574b-u3/performance-harness-tiered-off.csv","Raw ignored local artifact; managed isolated harness"
"EXP-LAYOUT-STABLE-PASS","FWM-PERF-20260905-4fb943b-tree48c574b-u3","DesktopTree.Measure+Arrange, unchanged flat tree","Release; net10.0-windows7.0; x64; no debugger; DOTNET_TieredCompilation=0",10,"elapsed","ns/op",2,1006.94,25000,"Stopwatch.GetTimestamp","artifacts/performance/FWM-PERF-20260905-4fb943b-tree48c574b-u3/performance-harness-tiered-off.csv","Raw ignored local artifact; managed isolated harness"
"EXP-LAYOUT-STABLE-PASS","FWM-PERF-20260905-4fb943b-tree48c574b-u3","DesktopTree.Measure+Arrange, unchanged flat tree","Release; net10.0-windows7.0; x64; no debugger; DOTNET_TieredCompilation=0",10,"managed_allocated","bytes/op",2,1400,25000,"GC.GetAllocatedBytesForCurrentThread","artifacts/performance/FWM-PERF-20260905-4fb943b-tree48c574b-u3/performance-harness-tiered-off.csv","Raw ignored local artifact; managed isolated harness"
"EXP-LAYOUT-STABLE-PASS","FWM-PERF-20260905-4fb943b-tree48c574b-u3","DesktopTree.Measure+Arrange, unchanged flat tree","Release; net10.0-windows7.0; x64; no debugger; DOTNET_TieredCompilation=0",10,"gen0_collections","count/run",2,2,25000,"GC.CollectionCount","artifacts/performance/FWM-PERF-20260905-4fb943b-tree48c574b-u3/performance-harness-tiered-off.csv","Raw ignored local artifact; managed isolated harness"
"EXP-LAYOUT-STABLE-PASS","FWM-PERF-20260905-4fb943b-tree48c574b-u3","DesktopTree.Measure+Arrange, unchanged flat tree","Release; net10.0-windows7.0; x64; no debugger; DOTNET_TieredCompilation=0",10,"gen1_collections","count/run",2,0,25000,"GC.CollectionCount","artifacts/performance/FWM-PERF-20260905-4fb943b-tree48c574b-u3/performance-harness-tiered-off.csv","Raw ignored local artifact; managed isolated harness"
"EXP-LAYOUT-STABLE-PASS","FWM-PERF-20260905-4fb943b-tree48c574b-u3","DesktopTree.Measure+Arrange, unchanged flat tree","Release; net10.0-windows7.0; x64; no debugger; DOTNET_TieredCompilation=0",10,"gen2_collections","count/run",2,0,25000,"GC.CollectionCount","artifacts/performance/FWM-PERF-20260905-4fb943b-tree48c574b-u3/performance-harness-tiered-off.csv","Raw ignored local artifact; managed isolated harness"
"EXP-LAYOUT-STABLE-PASS","FWM-PERF-20260905-4fb943b-tree48c574b-u3","DesktopTree.Measure+Arrange, unchanged flat tree","Release; net10.0-windows7.0; x64; no debugger; DOTNET_TieredCompilation=0",10,"elapsed","ns/op",3,1004.096,25000,"Stopwatch.GetTimestamp","artifacts/performance/FWM-PERF-20260905-4fb943b-tree48c574b-u3/performance-harness-tiered-off.csv","Raw ignored local artifact; managed isolated harness"
"EXP-LAYOUT-STABLE-PASS","FWM-PERF-20260905-4fb943b-tree48c574b-u3","DesktopTree.Measure+Arrange, unchanged flat tree","Release; net10.0-windows7.0; x64; no debugger; DOTNET_TieredCompilation=0",10,"managed_allocated","bytes/op",3,1400,25000,"GC.GetAllocatedBytesForCurrentThread","artifacts/performance/FWM-PERF-20260905-4fb943b-tree48c574b-u3/performance-harness-tiered-off.csv","Raw ignored local artifact; managed isolated harness"
"EXP-LAYOUT-STABLE-PASS","FWM-PERF-20260905-4fb943b-tree48c574b-u3","DesktopTree.Measure+Arrange, unchanged flat tree","Release; net10.0-windows7.0; x64; no debugger; DOTNET_TieredCompilation=0",10,"gen0_collections","count/run",3,2,25000,"GC.CollectionCount","artifacts/performance/FWM-PERF-20260905-4fb943b-tree48c574b-u3/performance-harness-tiered-off.csv","Raw ignored local artifact; managed isolated harness"
"EXP-LAYOUT-STABLE-PASS","FWM-PERF-20260905-4fb943b-tree48c574b-u3","DesktopTree.Measure+Arrange, unchanged flat tree","Release; net10.0-windows7.0; x64; no debugger; DOTNET_TieredCompilation=0",10,"gen1_collections","count/run",3,0,25000,"GC.CollectionCount","artifacts/performance/FWM-PERF-20260905-4fb943b-tree48c574b-u3/performance-harness-tiered-off.csv","Raw ignored local artifact; managed isolated harness"
"EXP-LAYOUT-STABLE-PASS","FWM-PERF-20260905-4fb943b-tree48c574b-u3","DesktopTree.Measure+Arrange, unchanged flat tree","Release; net10.0-windows7.0; x64; no debugger; DOTNET_TieredCompilation=0",10,"gen2_collections","count/run",3,0,25000,"GC.CollectionCount","artifacts/performance/FWM-PERF-20260905-4fb943b-tree48c574b-u3/performance-harness-tiered-off.csv","Raw ignored local artifact; managed isolated harness"
"EXP-LAYOUT-STABLE-PASS","FWM-PERF-20260905-4fb943b-tree48c574b-u3","DesktopTree.Measure+Arrange, unchanged flat tree","Release; net10.0-windows7.0; x64; no debugger; DOTNET_TieredCompilation=0",10,"elapsed","ns/op",4,1017.748,25000,"Stopwatch.GetTimestamp","artifacts/performance/FWM-PERF-20260905-4fb943b-tree48c574b-u3/performance-harness-tiered-off.csv","Raw ignored local artifact; managed isolated harness"
"EXP-LAYOUT-STABLE-PASS","FWM-PERF-20260905-4fb943b-tree48c574b-u3","DesktopTree.Measure+Arrange, unchanged flat tree","Release; net10.0-windows7.0; x64; no debugger; DOTNET_TieredCompilation=0",10,"managed_allocated","bytes/op",4,1400,25000,"GC.GetAllocatedBytesForCurrentThread","artifacts/performance/FWM-PERF-20260905-4fb943b-tree48c574b-u3/performance-harness-tiered-off.csv","Raw ignored local artifact; managed isolated harness"
"EXP-LAYOUT-STABLE-PASS","FWM-PERF-20260905-4fb943b-tree48c574b-u3","DesktopTree.Measure+Arrange, unchanged flat tree","Release; net10.0-windows7.0; x64; no debugger; DOTNET_TieredCompilation=0",10,"gen0_collections","count/run",4,2,25000,"GC.CollectionCount","artifacts/performance/FWM-PERF-20260905-4fb943b-tree48c574b-u3/performance-harness-tiered-off.csv","Raw ignored local artifact; managed isolated harness"
"EXP-LAYOUT-STABLE-PASS","FWM-PERF-20260905-4fb943b-tree48c574b-u3","DesktopTree.Measure+Arrange, unchanged flat tree","Release; net10.0-windows7.0; x64; no debugger; DOTNET_TieredCompilation=0",10,"gen1_collections","count/run",4,0,25000,"GC.CollectionCount","artifacts/performance/FWM-PERF-20260905-4fb943b-tree48c574b-u3/performance-harness-tiered-off.csv","Raw ignored local artifact; managed isolated harness"
"EXP-LAYOUT-STABLE-PASS","FWM-PERF-20260905-4fb943b-tree48c574b-u3","DesktopTree.Measure+Arrange, unchanged flat tree","Release; net10.0-windows7.0; x64; no debugger; DOTNET_TieredCompilation=0",10,"gen2_collections","count/run",4,0,25000,"GC.CollectionCount","artifacts/performance/FWM-PERF-20260905-4fb943b-tree48c574b-u3/performance-harness-tiered-off.csv","Raw ignored local artifact; managed isolated harness"
"EXP-LAYOUT-STABLE-PASS","FWM-PERF-20260905-4fb943b-tree48c574b-u3","DesktopTree.Measure+Arrange, unchanged flat tree","Release; net10.0-windows7.0; x64; no debugger; DOTNET_TieredCompilation=0",10,"elapsed","ns/op",5,1031.344,25000,"Stopwatch.GetTimestamp","artifacts/performance/FWM-PERF-20260905-4fb943b-tree48c574b-u3/performance-harness-tiered-off.csv","Raw ignored local artifact; managed isolated harness"
"EXP-LAYOUT-STABLE-PASS","FWM-PERF-20260905-4fb943b-tree48c574b-u3","DesktopTree.Measure+Arrange, unchanged flat tree","Release; net10.0-windows7.0; x64; no debugger; DOTNET_TieredCompilation=0",10,"managed_allocated","bytes/op",5,1400,25000,"GC.GetAllocatedBytesForCurrentThread","artifacts/performance/FWM-PERF-20260905-4fb943b-tree48c574b-u3/performance-harness-tiered-off.csv","Raw ignored local artifact; managed isolated harness"
"EXP-LAYOUT-STABLE-PASS","FWM-PERF-20260905-4fb943b-tree48c574b-u3","DesktopTree.Measure+Arrange, unchanged flat tree","Release; net10.0-windows7.0; x64; no debugger; DOTNET_TieredCompilation=0",10,"gen0_collections","count/run",5,2,25000,"GC.CollectionCount","artifacts/performance/FWM-PERF-20260905-4fb943b-tree48c574b-u3/performance-harness-tiered-off.csv","Raw ignored local artifact; managed isolated harness"
"EXP-LAYOUT-STABLE-PASS","FWM-PERF-20260905-4fb943b-tree48c574b-u3","DesktopTree.Measure+Arrange, unchanged flat tree","Release; net10.0-windows7.0; x64; no debugger; DOTNET_TieredCompilation=0",10,"gen1_collections","count/run",5,0,25000,"GC.CollectionCount","artifacts/performance/FWM-PERF-20260905-4fb943b-tree48c574b-u3/performance-harness-tiered-off.csv","Raw ignored local artifact; managed isolated harness"
"EXP-LAYOUT-STABLE-PASS","FWM-PERF-20260905-4fb943b-tree48c574b-u3","DesktopTree.Measure+Arrange, unchanged flat tree","Release; net10.0-windows7.0; x64; no debugger; DOTNET_TieredCompilation=0",10,"gen2_collections","count/run",5,0,25000,"GC.CollectionCount","artifacts/performance/FWM-PERF-20260905-4fb943b-tree48c574b-u3/performance-harness-tiered-off.csv","Raw ignored local artifact; managed isolated harness"
"EXP-FLEX-STABLE-BASELINE","FWM-PERF-20260905-4fb943b-tree48c574b-u3","Flex.SetContainerWidth(same width), production","Release; net10.0-windows7.0; x64; no debugger; DOTNET_TieredCompilation=0",25,"elapsed","ns/op",1,468.46,10000,"Stopwatch.GetTimestamp","artifacts/performance/FWM-PERF-20260905-4fb943b-tree48c574b-u3/performance-harness-tiered-off.csv","Raw ignored local artifact; managed isolated harness"
"EXP-FLEX-STABLE-BASELINE","FWM-PERF-20260905-4fb943b-tree48c574b-u3","Flex.SetContainerWidth(same width), production","Release; net10.0-windows7.0; x64; no debugger; DOTNET_TieredCompilation=0",25,"managed_allocated","bytes/op",1,936,10000,"GC.GetAllocatedBytesForCurrentThread","artifacts/performance/FWM-PERF-20260905-4fb943b-tree48c574b-u3/performance-harness-tiered-off.csv","Raw ignored local artifact; managed isolated harness"
"EXP-FLEX-STABLE-BASELINE","FWM-PERF-20260905-4fb943b-tree48c574b-u3","Flex.SetContainerWidth(same width), production","Release; net10.0-windows7.0; x64; no debugger; DOTNET_TieredCompilation=0",25,"gen0_collections","count/run",1,0,10000,"GC.CollectionCount","artifacts/performance/FWM-PERF-20260905-4fb943b-tree48c574b-u3/performance-harness-tiered-off.csv","Raw ignored local artifact; managed isolated harness"
"EXP-FLEX-STABLE-BASELINE","FWM-PERF-20260905-4fb943b-tree48c574b-u3","Flex.SetContainerWidth(same width), production","Release; net10.0-windows7.0; x64; no debugger; DOTNET_TieredCompilation=0",25,"gen1_collections","count/run",1,0,10000,"GC.CollectionCount","artifacts/performance/FWM-PERF-20260905-4fb943b-tree48c574b-u3/performance-harness-tiered-off.csv","Raw ignored local artifact; managed isolated harness"
"EXP-FLEX-STABLE-BASELINE","FWM-PERF-20260905-4fb943b-tree48c574b-u3","Flex.SetContainerWidth(same width), production","Release; net10.0-windows7.0; x64; no debugger; DOTNET_TieredCompilation=0",25,"gen2_collections","count/run",1,0,10000,"GC.CollectionCount","artifacts/performance/FWM-PERF-20260905-4fb943b-tree48c574b-u3/performance-harness-tiered-off.csv","Raw ignored local artifact; managed isolated harness"
"EXP-FLEX-STABLE-GUARD-MODEL","FWM-PERF-20260905-4fb943b-tree48c574b-u3","Flex.SetContainerWidth(same width), experimental call-site guard model","Release; net10.0-windows7.0; x64; no debugger; DOTNET_TieredCompilation=0",25,"elapsed","ns/op",1,2.19,10000,"Stopwatch.GetTimestamp","artifacts/performance/FWM-PERF-20260905-4fb943b-tree48c574b-u3/performance-harness-tiered-off.csv","Raw ignored local artifact; managed isolated harness"
"EXP-FLEX-STABLE-GUARD-MODEL","FWM-PERF-20260905-4fb943b-tree48c574b-u3","Flex.SetContainerWidth(same width), experimental call-site guard model","Release; net10.0-windows7.0; x64; no debugger; DOTNET_TieredCompilation=0",25,"managed_allocated","bytes/op",1,0,10000,"GC.GetAllocatedBytesForCurrentThread","artifacts/performance/FWM-PERF-20260905-4fb943b-tree48c574b-u3/performance-harness-tiered-off.csv","Raw ignored local artifact; managed isolated harness"
"EXP-FLEX-STABLE-GUARD-MODEL","FWM-PERF-20260905-4fb943b-tree48c574b-u3","Flex.SetContainerWidth(same width), experimental call-site guard model","Release; net10.0-windows7.0; x64; no debugger; DOTNET_TieredCompilation=0",25,"gen0_collections","count/run",1,0,10000,"GC.CollectionCount","artifacts/performance/FWM-PERF-20260905-4fb943b-tree48c574b-u3/performance-harness-tiered-off.csv","Raw ignored local artifact; managed isolated harness"
"EXP-FLEX-STABLE-GUARD-MODEL","FWM-PERF-20260905-4fb943b-tree48c574b-u3","Flex.SetContainerWidth(same width), experimental call-site guard model","Release; net10.0-windows7.0; x64; no debugger; DOTNET_TieredCompilation=0",25,"gen1_collections","count/run",1,0,10000,"GC.CollectionCount","artifacts/performance/FWM-PERF-20260905-4fb943b-tree48c574b-u3/performance-harness-tiered-off.csv","Raw ignored local artifact; managed isolated harness"
"EXP-FLEX-STABLE-GUARD-MODEL","FWM-PERF-20260905-4fb943b-tree48c574b-u3","Flex.SetContainerWidth(same width), experimental call-site guard model","Release; net10.0-windows7.0; x64; no debugger; DOTNET_TieredCompilation=0",25,"gen2_collections","count/run",1,0,10000,"GC.CollectionCount","artifacts/performance/FWM-PERF-20260905-4fb943b-tree48c574b-u3/performance-harness-tiered-off.csv","Raw ignored local artifact; managed isolated harness"
"EXP-FLEX-STABLE-GUARD-MODEL","FWM-PERF-20260905-4fb943b-tree48c574b-u3","Flex.SetContainerWidth(same width), experimental call-site guard model","Release; net10.0-windows7.0; x64; no debugger; DOTNET_TieredCompilation=0",25,"elapsed","ns/op",2,2.2,10000,"Stopwatch.GetTimestamp","artifacts/performance/FWM-PERF-20260905-4fb943b-tree48c574b-u3/performance-harness-tiered-off.csv","Raw ignored local artifact; managed isolated harness"
"EXP-FLEX-STABLE-GUARD-MODEL","FWM-PERF-20260905-4fb943b-tree48c574b-u3","Flex.SetContainerWidth(same width), experimental call-site guard model","Release; net10.0-windows7.0; x64; no debugger; DOTNET_TieredCompilation=0",25,"managed_allocated","bytes/op",2,0,10000,"GC.GetAllocatedBytesForCurrentThread","artifacts/performance/FWM-PERF-20260905-4fb943b-tree48c574b-u3/performance-harness-tiered-off.csv","Raw ignored local artifact; managed isolated harness"
"EXP-FLEX-STABLE-GUARD-MODEL","FWM-PERF-20260905-4fb943b-tree48c574b-u3","Flex.SetContainerWidth(same width), experimental call-site guard model","Release; net10.0-windows7.0; x64; no debugger; DOTNET_TieredCompilation=0",25,"gen0_collections","count/run",2,0,10000,"GC.CollectionCount","artifacts/performance/FWM-PERF-20260905-4fb943b-tree48c574b-u3/performance-harness-tiered-off.csv","Raw ignored local artifact; managed isolated harness"
"EXP-FLEX-STABLE-GUARD-MODEL","FWM-PERF-20260905-4fb943b-tree48c574b-u3","Flex.SetContainerWidth(same width), experimental call-site guard model","Release; net10.0-windows7.0; x64; no debugger; DOTNET_TieredCompilation=0",25,"gen1_collections","count/run",2,0,10000,"GC.CollectionCount","artifacts/performance/FWM-PERF-20260905-4fb943b-tree48c574b-u3/performance-harness-tiered-off.csv","Raw ignored local artifact; managed isolated harness"
"EXP-FLEX-STABLE-GUARD-MODEL","FWM-PERF-20260905-4fb943b-tree48c574b-u3","Flex.SetContainerWidth(same width), experimental call-site guard model","Release; net10.0-windows7.0; x64; no debugger; DOTNET_TieredCompilation=0",25,"gen2_collections","count/run",2,0,10000,"GC.CollectionCount","artifacts/performance/FWM-PERF-20260905-4fb943b-tree48c574b-u3/performance-harness-tiered-off.csv","Raw ignored local artifact; managed isolated harness"
"EXP-FLEX-STABLE-BASELINE","FWM-PERF-20260905-4fb943b-tree48c574b-u3","Flex.SetContainerWidth(same width), production","Release; net10.0-windows7.0; x64; no debugger; DOTNET_TieredCompilation=0",25,"elapsed","ns/op",2,457.12,10000,"Stopwatch.GetTimestamp","artifacts/performance/FWM-PERF-20260905-4fb943b-tree48c574b-u3/performance-harness-tiered-off.csv","Raw ignored local artifact; managed isolated harness"
"EXP-FLEX-STABLE-BASELINE","FWM-PERF-20260905-4fb943b-tree48c574b-u3","Flex.SetContainerWidth(same width), production","Release; net10.0-windows7.0; x64; no debugger; DOTNET_TieredCompilation=0",25,"managed_allocated","bytes/op",2,936,10000,"GC.GetAllocatedBytesForCurrentThread","artifacts/performance/FWM-PERF-20260905-4fb943b-tree48c574b-u3/performance-harness-tiered-off.csv","Raw ignored local artifact; managed isolated harness"
"EXP-FLEX-STABLE-BASELINE","FWM-PERF-20260905-4fb943b-tree48c574b-u3","Flex.SetContainerWidth(same width), production","Release; net10.0-windows7.0; x64; no debugger; DOTNET_TieredCompilation=0",25,"gen0_collections","count/run",2,0,10000,"GC.CollectionCount","artifacts/performance/FWM-PERF-20260905-4fb943b-tree48c574b-u3/performance-harness-tiered-off.csv","Raw ignored local artifact; managed isolated harness"
"EXP-FLEX-STABLE-BASELINE","FWM-PERF-20260905-4fb943b-tree48c574b-u3","Flex.SetContainerWidth(same width), production","Release; net10.0-windows7.0; x64; no debugger; DOTNET_TieredCompilation=0",25,"gen1_collections","count/run",2,0,10000,"GC.CollectionCount","artifacts/performance/FWM-PERF-20260905-4fb943b-tree48c574b-u3/performance-harness-tiered-off.csv","Raw ignored local artifact; managed isolated harness"
"EXP-FLEX-STABLE-BASELINE","FWM-PERF-20260905-4fb943b-tree48c574b-u3","Flex.SetContainerWidth(same width), production","Release; net10.0-windows7.0; x64; no debugger; DOTNET_TieredCompilation=0",25,"gen2_collections","count/run",2,0,10000,"GC.CollectionCount","artifacts/performance/FWM-PERF-20260905-4fb943b-tree48c574b-u3/performance-harness-tiered-off.csv","Raw ignored local artifact; managed isolated harness"
"EXP-FLEX-STABLE-BASELINE","FWM-PERF-20260905-4fb943b-tree48c574b-u3","Flex.SetContainerWidth(same width), production","Release; net10.0-windows7.0; x64; no debugger; DOTNET_TieredCompilation=0",25,"elapsed","ns/op",3,454.11,10000,"Stopwatch.GetTimestamp","artifacts/performance/FWM-PERF-20260905-4fb943b-tree48c574b-u3/performance-harness-tiered-off.csv","Raw ignored local artifact; managed isolated harness"
"EXP-FLEX-STABLE-BASELINE","FWM-PERF-20260905-4fb943b-tree48c574b-u3","Flex.SetContainerWidth(same width), production","Release; net10.0-windows7.0; x64; no debugger; DOTNET_TieredCompilation=0",25,"managed_allocated","bytes/op",3,936,10000,"GC.GetAllocatedBytesForCurrentThread","artifacts/performance/FWM-PERF-20260905-4fb943b-tree48c574b-u3/performance-harness-tiered-off.csv","Raw ignored local artifact; managed isolated harness"
"EXP-FLEX-STABLE-BASELINE","FWM-PERF-20260905-4fb943b-tree48c574b-u3","Flex.SetContainerWidth(same width), production","Release; net10.0-windows7.0; x64; no debugger; DOTNET_TieredCompilation=0",25,"gen0_collections","count/run",3,0,10000,"GC.CollectionCount","artifacts/performance/FWM-PERF-20260905-4fb943b-tree48c574b-u3/performance-harness-tiered-off.csv","Raw ignored local artifact; managed isolated harness"
"EXP-FLEX-STABLE-BASELINE","FWM-PERF-20260905-4fb943b-tree48c574b-u3","Flex.SetContainerWidth(same width), production","Release; net10.0-windows7.0; x64; no debugger; DOTNET_TieredCompilation=0",25,"gen1_collections","count/run",3,0,10000,"GC.CollectionCount","artifacts/performance/FWM-PERF-20260905-4fb943b-tree48c574b-u3/performance-harness-tiered-off.csv","Raw ignored local artifact; managed isolated harness"
"EXP-FLEX-STABLE-BASELINE","FWM-PERF-20260905-4fb943b-tree48c574b-u3","Flex.SetContainerWidth(same width), production","Release; net10.0-windows7.0; x64; no debugger; DOTNET_TieredCompilation=0",25,"gen2_collections","count/run",3,0,10000,"GC.CollectionCount","artifacts/performance/FWM-PERF-20260905-4fb943b-tree48c574b-u3/performance-harness-tiered-off.csv","Raw ignored local artifact; managed isolated harness"
"EXP-FLEX-STABLE-GUARD-MODEL","FWM-PERF-20260905-4fb943b-tree48c574b-u3","Flex.SetContainerWidth(same width), experimental call-site guard model","Release; net10.0-windows7.0; x64; no debugger; DOTNET_TieredCompilation=0",25,"elapsed","ns/op",3,2.33,10000,"Stopwatch.GetTimestamp","artifacts/performance/FWM-PERF-20260905-4fb943b-tree48c574b-u3/performance-harness-tiered-off.csv","Raw ignored local artifact; managed isolated harness"
"EXP-FLEX-STABLE-GUARD-MODEL","FWM-PERF-20260905-4fb943b-tree48c574b-u3","Flex.SetContainerWidth(same width), experimental call-site guard model","Release; net10.0-windows7.0; x64; no debugger; DOTNET_TieredCompilation=0",25,"managed_allocated","bytes/op",3,0,10000,"GC.GetAllocatedBytesForCurrentThread","artifacts/performance/FWM-PERF-20260905-4fb943b-tree48c574b-u3/performance-harness-tiered-off.csv","Raw ignored local artifact; managed isolated harness"
"EXP-FLEX-STABLE-GUARD-MODEL","FWM-PERF-20260905-4fb943b-tree48c574b-u3","Flex.SetContainerWidth(same width), experimental call-site guard model","Release; net10.0-windows7.0; x64; no debugger; DOTNET_TieredCompilation=0",25,"gen0_collections","count/run",3,0,10000,"GC.CollectionCount","artifacts/performance/FWM-PERF-20260905-4fb943b-tree48c574b-u3/performance-harness-tiered-off.csv","Raw ignored local artifact; managed isolated harness"
"EXP-FLEX-STABLE-GUARD-MODEL","FWM-PERF-20260905-4fb943b-tree48c574b-u3","Flex.SetContainerWidth(same width), experimental call-site guard model","Release; net10.0-windows7.0; x64; no debugger; DOTNET_TieredCompilation=0",25,"gen1_collections","count/run",3,0,10000,"GC.CollectionCount","artifacts/performance/FWM-PERF-20260905-4fb943b-tree48c574b-u3/performance-harness-tiered-off.csv","Raw ignored local artifact; managed isolated harness"
"EXP-FLEX-STABLE-GUARD-MODEL","FWM-PERF-20260905-4fb943b-tree48c574b-u3","Flex.SetContainerWidth(same width), experimental call-site guard model","Release; net10.0-windows7.0; x64; no debugger; DOTNET_TieredCompilation=0",25,"gen2_collections","count/run",3,0,10000,"GC.CollectionCount","artifacts/performance/FWM-PERF-20260905-4fb943b-tree48c574b-u3/performance-harness-tiered-off.csv","Raw ignored local artifact; managed isolated harness"
"EXP-FLEX-STABLE-GUARD-MODEL","FWM-PERF-20260905-4fb943b-tree48c574b-u3","Flex.SetContainerWidth(same width), experimental call-site guard model","Release; net10.0-windows7.0; x64; no debugger; DOTNET_TieredCompilation=0",25,"elapsed","ns/op",4,2.32,10000,"Stopwatch.GetTimestamp","artifacts/performance/FWM-PERF-20260905-4fb943b-tree48c574b-u3/performance-harness-tiered-off.csv","Raw ignored local artifact; managed isolated harness"
"EXP-FLEX-STABLE-GUARD-MODEL","FWM-PERF-20260905-4fb943b-tree48c574b-u3","Flex.SetContainerWidth(same width), experimental call-site guard model","Release; net10.0-windows7.0; x64; no debugger; DOTNET_TieredCompilation=0",25,"managed_allocated","bytes/op",4,0,10000,"GC.GetAllocatedBytesForCurrentThread","artifacts/performance/FWM-PERF-20260905-4fb943b-tree48c574b-u3/performance-harness-tiered-off.csv","Raw ignored local artifact; managed isolated harness"
"EXP-FLEX-STABLE-GUARD-MODEL","FWM-PERF-20260905-4fb943b-tree48c574b-u3","Flex.SetContainerWidth(same width), experimental call-site guard model","Release; net10.0-windows7.0; x64; no debugger; DOTNET_TieredCompilation=0",25,"gen0_collections","count/run",4,0,10000,"GC.CollectionCount","artifacts/performance/FWM-PERF-20260905-4fb943b-tree48c574b-u3/performance-harness-tiered-off.csv","Raw ignored local artifact; managed isolated harness"
"EXP-FLEX-STABLE-GUARD-MODEL","FWM-PERF-20260905-4fb943b-tree48c574b-u3","Flex.SetContainerWidth(same width), experimental call-site guard model","Release; net10.0-windows7.0; x64; no debugger; DOTNET_TieredCompilation=0",25,"gen1_collections","count/run",4,0,10000,"GC.CollectionCount","artifacts/performance/FWM-PERF-20260905-4fb943b-tree48c574b-u3/performance-harness-tiered-off.csv","Raw ignored local artifact; managed isolated harness"
"EXP-FLEX-STABLE-GUARD-MODEL","FWM-PERF-20260905-4fb943b-tree48c574b-u3","Flex.SetContainerWidth(same width), experimental call-site guard model","Release; net10.0-windows7.0; x64; no debugger; DOTNET_TieredCompilation=0",25,"gen2_collections","count/run",4,0,10000,"GC.CollectionCount","artifacts/performance/FWM-PERF-20260905-4fb943b-tree48c574b-u3/performance-harness-tiered-off.csv","Raw ignored local artifact; managed isolated harness"
"EXP-FLEX-STABLE-BASELINE","FWM-PERF-20260905-4fb943b-tree48c574b-u3","Flex.SetContainerWidth(same width), production","Release; net10.0-windows7.0; x64; no debugger; DOTNET_TieredCompilation=0",25,"elapsed","ns/op",4,453.6,10000,"Stopwatch.GetTimestamp","artifacts/performance/FWM-PERF-20260905-4fb943b-tree48c574b-u3/performance-harness-tiered-off.csv","Raw ignored local artifact; managed isolated harness"
"EXP-FLEX-STABLE-BASELINE","FWM-PERF-20260905-4fb943b-tree48c574b-u3","Flex.SetContainerWidth(same width), production","Release; net10.0-windows7.0; x64; no debugger; DOTNET_TieredCompilation=0",25,"managed_allocated","bytes/op",4,936,10000,"GC.GetAllocatedBytesForCurrentThread","artifacts/performance/FWM-PERF-20260905-4fb943b-tree48c574b-u3/performance-harness-tiered-off.csv","Raw ignored local artifact; managed isolated harness"
"EXP-FLEX-STABLE-BASELINE","FWM-PERF-20260905-4fb943b-tree48c574b-u3","Flex.SetContainerWidth(same width), production","Release; net10.0-windows7.0; x64; no debugger; DOTNET_TieredCompilation=0",25,"gen0_collections","count/run",4,0,10000,"GC.CollectionCount","artifacts/performance/FWM-PERF-20260905-4fb943b-tree48c574b-u3/performance-harness-tiered-off.csv","Raw ignored local artifact; managed isolated harness"
"EXP-FLEX-STABLE-BASELINE","FWM-PERF-20260905-4fb943b-tree48c574b-u3","Flex.SetContainerWidth(same width), production","Release; net10.0-windows7.0; x64; no debugger; DOTNET_TieredCompilation=0",25,"gen1_collections","count/run",4,0,10000,"GC.CollectionCount","artifacts/performance/FWM-PERF-20260905-4fb943b-tree48c574b-u3/performance-harness-tiered-off.csv","Raw ignored local artifact; managed isolated harness"
"EXP-FLEX-STABLE-BASELINE","FWM-PERF-20260905-4fb943b-tree48c574b-u3","Flex.SetContainerWidth(same width), production","Release; net10.0-windows7.0; x64; no debugger; DOTNET_TieredCompilation=0",25,"gen2_collections","count/run",4,0,10000,"GC.CollectionCount","artifacts/performance/FWM-PERF-20260905-4fb943b-tree48c574b-u3/performance-harness-tiered-off.csv","Raw ignored local artifact; managed isolated harness"
"EXP-FLEX-STABLE-BASELINE","FWM-PERF-20260905-4fb943b-tree48c574b-u3","Flex.SetContainerWidth(same width), production","Release; net10.0-windows7.0; x64; no debugger; DOTNET_TieredCompilation=0",25,"elapsed","ns/op",5,451.85,10000,"Stopwatch.GetTimestamp","artifacts/performance/FWM-PERF-20260905-4fb943b-tree48c574b-u3/performance-harness-tiered-off.csv","Raw ignored local artifact; managed isolated harness"
"EXP-FLEX-STABLE-BASELINE","FWM-PERF-20260905-4fb943b-tree48c574b-u3","Flex.SetContainerWidth(same width), production","Release; net10.0-windows7.0; x64; no debugger; DOTNET_TieredCompilation=0",25,"managed_allocated","bytes/op",5,936,10000,"GC.GetAllocatedBytesForCurrentThread","artifacts/performance/FWM-PERF-20260905-4fb943b-tree48c574b-u3/performance-harness-tiered-off.csv","Raw ignored local artifact; managed isolated harness"
"EXP-FLEX-STABLE-BASELINE","FWM-PERF-20260905-4fb943b-tree48c574b-u3","Flex.SetContainerWidth(same width), production","Release; net10.0-windows7.0; x64; no debugger; DOTNET_TieredCompilation=0",25,"gen0_collections","count/run",5,0,10000,"GC.CollectionCount","artifacts/performance/FWM-PERF-20260905-4fb943b-tree48c574b-u3/performance-harness-tiered-off.csv","Raw ignored local artifact; managed isolated harness"
"EXP-FLEX-STABLE-BASELINE","FWM-PERF-20260905-4fb943b-tree48c574b-u3","Flex.SetContainerWidth(same width), production","Release; net10.0-windows7.0; x64; no debugger; DOTNET_TieredCompilation=0",25,"gen1_collections","count/run",5,0,10000,"GC.CollectionCount","artifacts/performance/FWM-PERF-20260905-4fb943b-tree48c574b-u3/performance-harness-tiered-off.csv","Raw ignored local artifact; managed isolated harness"
"EXP-FLEX-STABLE-BASELINE","FWM-PERF-20260905-4fb943b-tree48c574b-u3","Flex.SetContainerWidth(same width), production","Release; net10.0-windows7.0; x64; no debugger; DOTNET_TieredCompilation=0",25,"gen2_collections","count/run",5,0,10000,"GC.CollectionCount","artifacts/performance/FWM-PERF-20260905-4fb943b-tree48c574b-u3/performance-harness-tiered-off.csv","Raw ignored local artifact; managed isolated harness"
"EXP-FLEX-STABLE-GUARD-MODEL","FWM-PERF-20260905-4fb943b-tree48c574b-u3","Flex.SetContainerWidth(same width), experimental call-site guard model","Release; net10.0-windows7.0; x64; no debugger; DOTNET_TieredCompilation=0",25,"elapsed","ns/op",5,2.47,10000,"Stopwatch.GetTimestamp","artifacts/performance/FWM-PERF-20260905-4fb943b-tree48c574b-u3/performance-harness-tiered-off.csv","Raw ignored local artifact; managed isolated harness"
"EXP-FLEX-STABLE-GUARD-MODEL","FWM-PERF-20260905-4fb943b-tree48c574b-u3","Flex.SetContainerWidth(same width), experimental call-site guard model","Release; net10.0-windows7.0; x64; no debugger; DOTNET_TieredCompilation=0",25,"managed_allocated","bytes/op",5,0,10000,"GC.GetAllocatedBytesForCurrentThread","artifacts/performance/FWM-PERF-20260905-4fb943b-tree48c574b-u3/performance-harness-tiered-off.csv","Raw ignored local artifact; managed isolated harness"
"EXP-FLEX-STABLE-GUARD-MODEL","FWM-PERF-20260905-4fb943b-tree48c574b-u3","Flex.SetContainerWidth(same width), experimental call-site guard model","Release; net10.0-windows7.0; x64; no debugger; DOTNET_TieredCompilation=0",25,"gen0_collections","count/run",5,0,10000,"GC.CollectionCount","artifacts/performance/FWM-PERF-20260905-4fb943b-tree48c574b-u3/performance-harness-tiered-off.csv","Raw ignored local artifact; managed isolated harness"
"EXP-FLEX-STABLE-GUARD-MODEL","FWM-PERF-20260905-4fb943b-tree48c574b-u3","Flex.SetContainerWidth(same width), experimental call-site guard model","Release; net10.0-windows7.0; x64; no debugger; DOTNET_TieredCompilation=0",25,"gen1_collections","count/run",5,0,10000,"GC.CollectionCount","artifacts/performance/FWM-PERF-20260905-4fb943b-tree48c574b-u3/performance-harness-tiered-off.csv","Raw ignored local artifact; managed isolated harness"
"EXP-FLEX-STABLE-GUARD-MODEL","FWM-PERF-20260905-4fb943b-tree48c574b-u3","Flex.SetContainerWidth(same width), experimental call-site guard model","Release; net10.0-windows7.0; x64; no debugger; DOTNET_TieredCompilation=0",25,"gen2_collections","count/run",5,0,10000,"GC.CollectionCount","artifacts/performance/FWM-PERF-20260905-4fb943b-tree48c574b-u3/performance-harness-tiered-off.csv","Raw ignored local artifact; managed isolated harness"
"EXP-LAYOUT-STABLE-PASS","FWM-PERF-20260905-4fb943b-tree48c574b-u3","DesktopTree.Measure+Arrange, unchanged flat tree","Release; net10.0-windows7.0; x64; no debugger; DOTNET_TieredCompilation=0",25,"elapsed","ns/op",1,2105.55,10000,"Stopwatch.GetTimestamp","artifacts/performance/FWM-PERF-20260905-4fb943b-tree48c574b-u3/performance-harness-tiered-off.csv","Raw ignored local artifact; managed isolated harness"
"EXP-LAYOUT-STABLE-PASS","FWM-PERF-20260905-4fb943b-tree48c574b-u3","DesktopTree.Measure+Arrange, unchanged flat tree","Release; net10.0-windows7.0; x64; no debugger; DOTNET_TieredCompilation=0",25,"managed_allocated","bytes/op",1,2360,10000,"GC.GetAllocatedBytesForCurrentThread","artifacts/performance/FWM-PERF-20260905-4fb943b-tree48c574b-u3/performance-harness-tiered-off.csv","Raw ignored local artifact; managed isolated harness"
"EXP-LAYOUT-STABLE-PASS","FWM-PERF-20260905-4fb943b-tree48c574b-u3","DesktopTree.Measure+Arrange, unchanged flat tree","Release; net10.0-windows7.0; x64; no debugger; DOTNET_TieredCompilation=0",25,"gen0_collections","count/run",1,1,10000,"GC.CollectionCount","artifacts/performance/FWM-PERF-20260905-4fb943b-tree48c574b-u3/performance-harness-tiered-off.csv","Raw ignored local artifact; managed isolated harness"
"EXP-LAYOUT-STABLE-PASS","FWM-PERF-20260905-4fb943b-tree48c574b-u3","DesktopTree.Measure+Arrange, unchanged flat tree","Release; net10.0-windows7.0; x64; no debugger; DOTNET_TieredCompilation=0",25,"gen1_collections","count/run",1,0,10000,"GC.CollectionCount","artifacts/performance/FWM-PERF-20260905-4fb943b-tree48c574b-u3/performance-harness-tiered-off.csv","Raw ignored local artifact; managed isolated harness"
"EXP-LAYOUT-STABLE-PASS","FWM-PERF-20260905-4fb943b-tree48c574b-u3","DesktopTree.Measure+Arrange, unchanged flat tree","Release; net10.0-windows7.0; x64; no debugger; DOTNET_TieredCompilation=0",25,"gen2_collections","count/run",1,0,10000,"GC.CollectionCount","artifacts/performance/FWM-PERF-20260905-4fb943b-tree48c574b-u3/performance-harness-tiered-off.csv","Raw ignored local artifact; managed isolated harness"
"EXP-LAYOUT-STABLE-PASS","FWM-PERF-20260905-4fb943b-tree48c574b-u3","DesktopTree.Measure+Arrange, unchanged flat tree","Release; net10.0-windows7.0; x64; no debugger; DOTNET_TieredCompilation=0",25,"elapsed","ns/op",2,2111.63,10000,"Stopwatch.GetTimestamp","artifacts/performance/FWM-PERF-20260905-4fb943b-tree48c574b-u3/performance-harness-tiered-off.csv","Raw ignored local artifact; managed isolated harness"
"EXP-LAYOUT-STABLE-PASS","FWM-PERF-20260905-4fb943b-tree48c574b-u3","DesktopTree.Measure+Arrange, unchanged flat tree","Release; net10.0-windows7.0; x64; no debugger; DOTNET_TieredCompilation=0",25,"managed_allocated","bytes/op",2,2360,10000,"GC.GetAllocatedBytesForCurrentThread","artifacts/performance/FWM-PERF-20260905-4fb943b-tree48c574b-u3/performance-harness-tiered-off.csv","Raw ignored local artifact; managed isolated harness"
"EXP-LAYOUT-STABLE-PASS","FWM-PERF-20260905-4fb943b-tree48c574b-u3","DesktopTree.Measure+Arrange, unchanged flat tree","Release; net10.0-windows7.0; x64; no debugger; DOTNET_TieredCompilation=0",25,"gen0_collections","count/run",2,1,10000,"GC.CollectionCount","artifacts/performance/FWM-PERF-20260905-4fb943b-tree48c574b-u3/performance-harness-tiered-off.csv","Raw ignored local artifact; managed isolated harness"
"EXP-LAYOUT-STABLE-PASS","FWM-PERF-20260905-4fb943b-tree48c574b-u3","DesktopTree.Measure+Arrange, unchanged flat tree","Release; net10.0-windows7.0; x64; no debugger; DOTNET_TieredCompilation=0",25,"gen1_collections","count/run",2,0,10000,"GC.CollectionCount","artifacts/performance/FWM-PERF-20260905-4fb943b-tree48c574b-u3/performance-harness-tiered-off.csv","Raw ignored local artifact; managed isolated harness"
"EXP-LAYOUT-STABLE-PASS","FWM-PERF-20260905-4fb943b-tree48c574b-u3","DesktopTree.Measure+Arrange, unchanged flat tree","Release; net10.0-windows7.0; x64; no debugger; DOTNET_TieredCompilation=0",25,"gen2_collections","count/run",2,0,10000,"GC.CollectionCount","artifacts/performance/FWM-PERF-20260905-4fb943b-tree48c574b-u3/performance-harness-tiered-off.csv","Raw ignored local artifact; managed isolated harness"
"EXP-LAYOUT-STABLE-PASS","FWM-PERF-20260905-4fb943b-tree48c574b-u3","DesktopTree.Measure+Arrange, unchanged flat tree","Release; net10.0-windows7.0; x64; no debugger; DOTNET_TieredCompilation=0",25,"elapsed","ns/op",3,2089.4,10000,"Stopwatch.GetTimestamp","artifacts/performance/FWM-PERF-20260905-4fb943b-tree48c574b-u3/performance-harness-tiered-off.csv","Raw ignored local artifact; managed isolated harness"
"EXP-LAYOUT-STABLE-PASS","FWM-PERF-20260905-4fb943b-tree48c574b-u3","DesktopTree.Measure+Arrange, unchanged flat tree","Release; net10.0-windows7.0; x64; no debugger; DOTNET_TieredCompilation=0",25,"managed_allocated","bytes/op",3,2360,10000,"GC.GetAllocatedBytesForCurrentThread","artifacts/performance/FWM-PERF-20260905-4fb943b-tree48c574b-u3/performance-harness-tiered-off.csv","Raw ignored local artifact; managed isolated harness"
"EXP-LAYOUT-STABLE-PASS","FWM-PERF-20260905-4fb943b-tree48c574b-u3","DesktopTree.Measure+Arrange, unchanged flat tree","Release; net10.0-windows7.0; x64; no debugger; DOTNET_TieredCompilation=0",25,"gen0_collections","count/run",3,1,10000,"GC.CollectionCount","artifacts/performance/FWM-PERF-20260905-4fb943b-tree48c574b-u3/performance-harness-tiered-off.csv","Raw ignored local artifact; managed isolated harness"
"EXP-LAYOUT-STABLE-PASS","FWM-PERF-20260905-4fb943b-tree48c574b-u3","DesktopTree.Measure+Arrange, unchanged flat tree","Release; net10.0-windows7.0; x64; no debugger; DOTNET_TieredCompilation=0",25,"gen1_collections","count/run",3,0,10000,"GC.CollectionCount","artifacts/performance/FWM-PERF-20260905-4fb943b-tree48c574b-u3/performance-harness-tiered-off.csv","Raw ignored local artifact; managed isolated harness"
"EXP-LAYOUT-STABLE-PASS","FWM-PERF-20260905-4fb943b-tree48c574b-u3","DesktopTree.Measure+Arrange, unchanged flat tree","Release; net10.0-windows7.0; x64; no debugger; DOTNET_TieredCompilation=0",25,"gen2_collections","count/run",3,0,10000,"GC.CollectionCount","artifacts/performance/FWM-PERF-20260905-4fb943b-tree48c574b-u3/performance-harness-tiered-off.csv","Raw ignored local artifact; managed isolated harness"
"EXP-LAYOUT-STABLE-PASS","FWM-PERF-20260905-4fb943b-tree48c574b-u3","DesktopTree.Measure+Arrange, unchanged flat tree","Release; net10.0-windows7.0; x64; no debugger; DOTNET_TieredCompilation=0",25,"elapsed","ns/op",4,2124.93,10000,"Stopwatch.GetTimestamp","artifacts/performance/FWM-PERF-20260905-4fb943b-tree48c574b-u3/performance-harness-tiered-off.csv","Raw ignored local artifact; managed isolated harness"
"EXP-LAYOUT-STABLE-PASS","FWM-PERF-20260905-4fb943b-tree48c574b-u3","DesktopTree.Measure+Arrange, unchanged flat tree","Release; net10.0-windows7.0; x64; no debugger; DOTNET_TieredCompilation=0",25,"managed_allocated","bytes/op",4,2360,10000,"GC.GetAllocatedBytesForCurrentThread","artifacts/performance/FWM-PERF-20260905-4fb943b-tree48c574b-u3/performance-harness-tiered-off.csv","Raw ignored local artifact; managed isolated harness"
"EXP-LAYOUT-STABLE-PASS","FWM-PERF-20260905-4fb943b-tree48c574b-u3","DesktopTree.Measure+Arrange, unchanged flat tree","Release; net10.0-windows7.0; x64; no debugger; DOTNET_TieredCompilation=0",25,"gen0_collections","count/run",4,1,10000,"GC.CollectionCount","artifacts/performance/FWM-PERF-20260905-4fb943b-tree48c574b-u3/performance-harness-tiered-off.csv","Raw ignored local artifact; managed isolated harness"
"EXP-LAYOUT-STABLE-PASS","FWM-PERF-20260905-4fb943b-tree48c574b-u3","DesktopTree.Measure+Arrange, unchanged flat tree","Release; net10.0-windows7.0; x64; no debugger; DOTNET_TieredCompilation=0",25,"gen1_collections","count/run",4,0,10000,"GC.CollectionCount","artifacts/performance/FWM-PERF-20260905-4fb943b-tree48c574b-u3/performance-harness-tiered-off.csv","Raw ignored local artifact; managed isolated harness"
"EXP-LAYOUT-STABLE-PASS","FWM-PERF-20260905-4fb943b-tree48c574b-u3","DesktopTree.Measure+Arrange, unchanged flat tree","Release; net10.0-windows7.0; x64; no debugger; DOTNET_TieredCompilation=0",25,"gen2_collections","count/run",4,0,10000,"GC.CollectionCount","artifacts/performance/FWM-PERF-20260905-4fb943b-tree48c574b-u3/performance-harness-tiered-off.csv","Raw ignored local artifact; managed isolated harness"
"EXP-LAYOUT-STABLE-PASS","FWM-PERF-20260905-4fb943b-tree48c574b-u3","DesktopTree.Measure+Arrange, unchanged flat tree","Release; net10.0-windows7.0; x64; no debugger; DOTNET_TieredCompilation=0",25,"elapsed","ns/op",5,2119.44,10000,"Stopwatch.GetTimestamp","artifacts/performance/FWM-PERF-20260905-4fb943b-tree48c574b-u3/performance-harness-tiered-off.csv","Raw ignored local artifact; managed isolated harness"
"EXP-LAYOUT-STABLE-PASS","FWM-PERF-20260905-4fb943b-tree48c574b-u3","DesktopTree.Measure+Arrange, unchanged flat tree","Release; net10.0-windows7.0; x64; no debugger; DOTNET_TieredCompilation=0",25,"managed_allocated","bytes/op",5,2360,10000,"GC.GetAllocatedBytesForCurrentThread","artifacts/performance/FWM-PERF-20260905-4fb943b-tree48c574b-u3/performance-harness-tiered-off.csv","Raw ignored local artifact; managed isolated harness"
"EXP-LAYOUT-STABLE-PASS","FWM-PERF-20260905-4fb943b-tree48c574b-u3","DesktopTree.Measure+Arrange, unchanged flat tree","Release; net10.0-windows7.0; x64; no debugger; DOTNET_TieredCompilation=0",25,"gen0_collections","count/run",5,1,10000,"GC.CollectionCount","artifacts/performance/FWM-PERF-20260905-4fb943b-tree48c574b-u3/performance-harness-tiered-off.csv","Raw ignored local artifact; managed isolated harness"
"EXP-LAYOUT-STABLE-PASS","FWM-PERF-20260905-4fb943b-tree48c574b-u3","DesktopTree.Measure+Arrange, unchanged flat tree","Release; net10.0-windows7.0; x64; no debugger; DOTNET_TieredCompilation=0",25,"gen1_collections","count/run",5,0,10000,"GC.CollectionCount","artifacts/performance/FWM-PERF-20260905-4fb943b-tree48c574b-u3/performance-harness-tiered-off.csv","Raw ignored local artifact; managed isolated harness"
"EXP-LAYOUT-STABLE-PASS","FWM-PERF-20260905-4fb943b-tree48c574b-u3","DesktopTree.Measure+Arrange, unchanged flat tree","Release; net10.0-windows7.0; x64; no debugger; DOTNET_TieredCompilation=0",25,"gen2_collections","count/run",5,0,10000,"GC.CollectionCount","artifacts/performance/FWM-PERF-20260905-4fb943b-tree48c574b-u3/performance-harness-tiered-off.csv","Raw ignored local artifact; managed isolated harness"
"EXP-FLEX-STABLE-BASELINE","FWM-PERF-20260905-4fb943b-tree48c574b-u3","Flex.SetContainerWidth(same width), production","Release; net10.0-windows7.0; x64; no debugger; DOTNET_TieredCompilation=0",50,"elapsed","ns/op",1,835.3,5000,"Stopwatch.GetTimestamp","artifacts/performance/FWM-PERF-20260905-4fb943b-tree48c574b-u3/performance-harness-tiered-off.csv","Raw ignored local artifact; managed isolated harness"
"EXP-FLEX-STABLE-BASELINE","FWM-PERF-20260905-4fb943b-tree48c574b-u3","Flex.SetContainerWidth(same width), production","Release; net10.0-windows7.0; x64; no debugger; DOTNET_TieredCompilation=0",50,"managed_allocated","bytes/op",1,1536,5000,"GC.GetAllocatedBytesForCurrentThread","artifacts/performance/FWM-PERF-20260905-4fb943b-tree48c574b-u3/performance-harness-tiered-off.csv","Raw ignored local artifact; managed isolated harness"
"EXP-FLEX-STABLE-BASELINE","FWM-PERF-20260905-4fb943b-tree48c574b-u3","Flex.SetContainerWidth(same width), production","Release; net10.0-windows7.0; x64; no debugger; DOTNET_TieredCompilation=0",50,"gen0_collections","count/run",1,0,5000,"GC.CollectionCount","artifacts/performance/FWM-PERF-20260905-4fb943b-tree48c574b-u3/performance-harness-tiered-off.csv","Raw ignored local artifact; managed isolated harness"
"EXP-FLEX-STABLE-BASELINE","FWM-PERF-20260905-4fb943b-tree48c574b-u3","Flex.SetContainerWidth(same width), production","Release; net10.0-windows7.0; x64; no debugger; DOTNET_TieredCompilation=0",50,"gen1_collections","count/run",1,0,5000,"GC.CollectionCount","artifacts/performance/FWM-PERF-20260905-4fb943b-tree48c574b-u3/performance-harness-tiered-off.csv","Raw ignored local artifact; managed isolated harness"
"EXP-FLEX-STABLE-BASELINE","FWM-PERF-20260905-4fb943b-tree48c574b-u3","Flex.SetContainerWidth(same width), production","Release; net10.0-windows7.0; x64; no debugger; DOTNET_TieredCompilation=0",50,"gen2_collections","count/run",1,0,5000,"GC.CollectionCount","artifacts/performance/FWM-PERF-20260905-4fb943b-tree48c574b-u3/performance-harness-tiered-off.csv","Raw ignored local artifact; managed isolated harness"
"EXP-FLEX-STABLE-GUARD-MODEL","FWM-PERF-20260905-4fb943b-tree48c574b-u3","Flex.SetContainerWidth(same width), experimental call-site guard model","Release; net10.0-windows7.0; x64; no debugger; DOTNET_TieredCompilation=0",50,"elapsed","ns/op",1,2.18,5000,"Stopwatch.GetTimestamp","artifacts/performance/FWM-PERF-20260905-4fb943b-tree48c574b-u3/performance-harness-tiered-off.csv","Raw ignored local artifact; managed isolated harness"
"EXP-FLEX-STABLE-GUARD-MODEL","FWM-PERF-20260905-4fb943b-tree48c574b-u3","Flex.SetContainerWidth(same width), experimental call-site guard model","Release; net10.0-windows7.0; x64; no debugger; DOTNET_TieredCompilation=0",50,"managed_allocated","bytes/op",1,0,5000,"GC.GetAllocatedBytesForCurrentThread","artifacts/performance/FWM-PERF-20260905-4fb943b-tree48c574b-u3/performance-harness-tiered-off.csv","Raw ignored local artifact; managed isolated harness"
"EXP-FLEX-STABLE-GUARD-MODEL","FWM-PERF-20260905-4fb943b-tree48c574b-u3","Flex.SetContainerWidth(same width), experimental call-site guard model","Release; net10.0-windows7.0; x64; no debugger; DOTNET_TieredCompilation=0",50,"gen0_collections","count/run",1,0,5000,"GC.CollectionCount","artifacts/performance/FWM-PERF-20260905-4fb943b-tree48c574b-u3/performance-harness-tiered-off.csv","Raw ignored local artifact; managed isolated harness"
"EXP-FLEX-STABLE-GUARD-MODEL","FWM-PERF-20260905-4fb943b-tree48c574b-u3","Flex.SetContainerWidth(same width), experimental call-site guard model","Release; net10.0-windows7.0; x64; no debugger; DOTNET_TieredCompilation=0",50,"gen1_collections","count/run",1,0,5000,"GC.CollectionCount","artifacts/performance/FWM-PERF-20260905-4fb943b-tree48c574b-u3/performance-harness-tiered-off.csv","Raw ignored local artifact; managed isolated harness"
"EXP-FLEX-STABLE-GUARD-MODEL","FWM-PERF-20260905-4fb943b-tree48c574b-u3","Flex.SetContainerWidth(same width), experimental call-site guard model","Release; net10.0-windows7.0; x64; no debugger; DOTNET_TieredCompilation=0",50,"gen2_collections","count/run",1,0,5000,"GC.CollectionCount","artifacts/performance/FWM-PERF-20260905-4fb943b-tree48c574b-u3/performance-harness-tiered-off.csv","Raw ignored local artifact; managed isolated harness"
"EXP-FLEX-STABLE-GUARD-MODEL","FWM-PERF-20260905-4fb943b-tree48c574b-u3","Flex.SetContainerWidth(same width), experimental call-site guard model","Release; net10.0-windows7.0; x64; no debugger; DOTNET_TieredCompilation=0",50,"elapsed","ns/op",2,2.18,5000,"Stopwatch.GetTimestamp","artifacts/performance/FWM-PERF-20260905-4fb943b-tree48c574b-u3/performance-harness-tiered-off.csv","Raw ignored local artifact; managed isolated harness"
"EXP-FLEX-STABLE-GUARD-MODEL","FWM-PERF-20260905-4fb943b-tree48c574b-u3","Flex.SetContainerWidth(same width), experimental call-site guard model","Release; net10.0-windows7.0; x64; no debugger; DOTNET_TieredCompilation=0",50,"managed_allocated","bytes/op",2,0,5000,"GC.GetAllocatedBytesForCurrentThread","artifacts/performance/FWM-PERF-20260905-4fb943b-tree48c574b-u3/performance-harness-tiered-off.csv","Raw ignored local artifact; managed isolated harness"
"EXP-FLEX-STABLE-GUARD-MODEL","FWM-PERF-20260905-4fb943b-tree48c574b-u3","Flex.SetContainerWidth(same width), experimental call-site guard model","Release; net10.0-windows7.0; x64; no debugger; DOTNET_TieredCompilation=0",50,"gen0_collections","count/run",2,0,5000,"GC.CollectionCount","artifacts/performance/FWM-PERF-20260905-4fb943b-tree48c574b-u3/performance-harness-tiered-off.csv","Raw ignored local artifact; managed isolated harness"
"EXP-FLEX-STABLE-GUARD-MODEL","FWM-PERF-20260905-4fb943b-tree48c574b-u3","Flex.SetContainerWidth(same width), experimental call-site guard model","Release; net10.0-windows7.0; x64; no debugger; DOTNET_TieredCompilation=0",50,"gen1_collections","count/run",2,0,5000,"GC.CollectionCount","artifacts/performance/FWM-PERF-20260905-4fb943b-tree48c574b-u3/performance-harness-tiered-off.csv","Raw ignored local artifact; managed isolated harness"
"EXP-FLEX-STABLE-GUARD-MODEL","FWM-PERF-20260905-4fb943b-tree48c574b-u3","Flex.SetContainerWidth(same width), experimental call-site guard model","Release; net10.0-windows7.0; x64; no debugger; DOTNET_TieredCompilation=0",50,"gen2_collections","count/run",2,0,5000,"GC.CollectionCount","artifacts/performance/FWM-PERF-20260905-4fb943b-tree48c574b-u3/performance-harness-tiered-off.csv","Raw ignored local artifact; managed isolated harness"
"EXP-FLEX-STABLE-BASELINE","FWM-PERF-20260905-4fb943b-tree48c574b-u3","Flex.SetContainerWidth(same width), production","Release; net10.0-windows7.0; x64; no debugger; DOTNET_TieredCompilation=0",50,"elapsed","ns/op",2,846.52,5000,"Stopwatch.GetTimestamp","artifacts/performance/FWM-PERF-20260905-4fb943b-tree48c574b-u3/performance-harness-tiered-off.csv","Raw ignored local artifact; managed isolated harness"
"EXP-FLEX-STABLE-BASELINE","FWM-PERF-20260905-4fb943b-tree48c574b-u3","Flex.SetContainerWidth(same width), production","Release; net10.0-windows7.0; x64; no debugger; DOTNET_TieredCompilation=0",50,"managed_allocated","bytes/op",2,1536,5000,"GC.GetAllocatedBytesForCurrentThread","artifacts/performance/FWM-PERF-20260905-4fb943b-tree48c574b-u3/performance-harness-tiered-off.csv","Raw ignored local artifact; managed isolated harness"
"EXP-FLEX-STABLE-BASELINE","FWM-PERF-20260905-4fb943b-tree48c574b-u3","Flex.SetContainerWidth(same width), production","Release; net10.0-windows7.0; x64; no debugger; DOTNET_TieredCompilation=0",50,"gen0_collections","count/run",2,0,5000,"GC.CollectionCount","artifacts/performance/FWM-PERF-20260905-4fb943b-tree48c574b-u3/performance-harness-tiered-off.csv","Raw ignored local artifact; managed isolated harness"
"EXP-FLEX-STABLE-BASELINE","FWM-PERF-20260905-4fb943b-tree48c574b-u3","Flex.SetContainerWidth(same width), production","Release; net10.0-windows7.0; x64; no debugger; DOTNET_TieredCompilation=0",50,"gen1_collections","count/run",2,0,5000,"GC.CollectionCount","artifacts/performance/FWM-PERF-20260905-4fb943b-tree48c574b-u3/performance-harness-tiered-off.csv","Raw ignored local artifact; managed isolated harness"
"EXP-FLEX-STABLE-BASELINE","FWM-PERF-20260905-4fb943b-tree48c574b-u3","Flex.SetContainerWidth(same width), production","Release; net10.0-windows7.0; x64; no debugger; DOTNET_TieredCompilation=0",50,"gen2_collections","count/run",2,0,5000,"GC.CollectionCount","artifacts/performance/FWM-PERF-20260905-4fb943b-tree48c574b-u3/performance-harness-tiered-off.csv","Raw ignored local artifact; managed isolated harness"
"EXP-FLEX-STABLE-BASELINE","FWM-PERF-20260905-4fb943b-tree48c574b-u3","Flex.SetContainerWidth(same width), production","Release; net10.0-windows7.0; x64; no debugger; DOTNET_TieredCompilation=0",50,"elapsed","ns/op",3,944.24,5000,"Stopwatch.GetTimestamp","artifacts/performance/FWM-PERF-20260905-4fb943b-tree48c574b-u3/performance-harness-tiered-off.csv","Raw ignored local artifact; managed isolated harness"
"EXP-FLEX-STABLE-BASELINE","FWM-PERF-20260905-4fb943b-tree48c574b-u3","Flex.SetContainerWidth(same width), production","Release; net10.0-windows7.0; x64; no debugger; DOTNET_TieredCompilation=0",50,"managed_allocated","bytes/op",3,1536,5000,"GC.GetAllocatedBytesForCurrentThread","artifacts/performance/FWM-PERF-20260905-4fb943b-tree48c574b-u3/performance-harness-tiered-off.csv","Raw ignored local artifact; managed isolated harness"
"EXP-FLEX-STABLE-BASELINE","FWM-PERF-20260905-4fb943b-tree48c574b-u3","Flex.SetContainerWidth(same width), production","Release; net10.0-windows7.0; x64; no debugger; DOTNET_TieredCompilation=0",50,"gen0_collections","count/run",3,0,5000,"GC.CollectionCount","artifacts/performance/FWM-PERF-20260905-4fb943b-tree48c574b-u3/performance-harness-tiered-off.csv","Raw ignored local artifact; managed isolated harness"
"EXP-FLEX-STABLE-BASELINE","FWM-PERF-20260905-4fb943b-tree48c574b-u3","Flex.SetContainerWidth(same width), production","Release; net10.0-windows7.0; x64; no debugger; DOTNET_TieredCompilation=0",50,"gen1_collections","count/run",3,0,5000,"GC.CollectionCount","artifacts/performance/FWM-PERF-20260905-4fb943b-tree48c574b-u3/performance-harness-tiered-off.csv","Raw ignored local artifact; managed isolated harness"
"EXP-FLEX-STABLE-BASELINE","FWM-PERF-20260905-4fb943b-tree48c574b-u3","Flex.SetContainerWidth(same width), production","Release; net10.0-windows7.0; x64; no debugger; DOTNET_TieredCompilation=0",50,"gen2_collections","count/run",3,0,5000,"GC.CollectionCount","artifacts/performance/FWM-PERF-20260905-4fb943b-tree48c574b-u3/performance-harness-tiered-off.csv","Raw ignored local artifact; managed isolated harness"
"EXP-FLEX-STABLE-GUARD-MODEL","FWM-PERF-20260905-4fb943b-tree48c574b-u3","Flex.SetContainerWidth(same width), experimental call-site guard model","Release; net10.0-windows7.0; x64; no debugger; DOTNET_TieredCompilation=0",50,"elapsed","ns/op",3,1.74,5000,"Stopwatch.GetTimestamp","artifacts/performance/FWM-PERF-20260905-4fb943b-tree48c574b-u3/performance-harness-tiered-off.csv","Raw ignored local artifact; managed isolated harness"
"EXP-FLEX-STABLE-GUARD-MODEL","FWM-PERF-20260905-4fb943b-tree48c574b-u3","Flex.SetContainerWidth(same width), experimental call-site guard model","Release; net10.0-windows7.0; x64; no debugger; DOTNET_TieredCompilation=0",50,"managed_allocated","bytes/op",3,0,5000,"GC.GetAllocatedBytesForCurrentThread","artifacts/performance/FWM-PERF-20260905-4fb943b-tree48c574b-u3/performance-harness-tiered-off.csv","Raw ignored local artifact; managed isolated harness"
"EXP-FLEX-STABLE-GUARD-MODEL","FWM-PERF-20260905-4fb943b-tree48c574b-u3","Flex.SetContainerWidth(same width), experimental call-site guard model","Release; net10.0-windows7.0; x64; no debugger; DOTNET_TieredCompilation=0",50,"gen0_collections","count/run",3,0,5000,"GC.CollectionCount","artifacts/performance/FWM-PERF-20260905-4fb943b-tree48c574b-u3/performance-harness-tiered-off.csv","Raw ignored local artifact; managed isolated harness"
"EXP-FLEX-STABLE-GUARD-MODEL","FWM-PERF-20260905-4fb943b-tree48c574b-u3","Flex.SetContainerWidth(same width), experimental call-site guard model","Release; net10.0-windows7.0; x64; no debugger; DOTNET_TieredCompilation=0",50,"gen1_collections","count/run",3,0,5000,"GC.CollectionCount","artifacts/performance/FWM-PERF-20260905-4fb943b-tree48c574b-u3/performance-harness-tiered-off.csv","Raw ignored local artifact; managed isolated harness"
"EXP-FLEX-STABLE-GUARD-MODEL","FWM-PERF-20260905-4fb943b-tree48c574b-u3","Flex.SetContainerWidth(same width), experimental call-site guard model","Release; net10.0-windows7.0; x64; no debugger; DOTNET_TieredCompilation=0",50,"gen2_collections","count/run",3,0,5000,"GC.CollectionCount","artifacts/performance/FWM-PERF-20260905-4fb943b-tree48c574b-u3/performance-harness-tiered-off.csv","Raw ignored local artifact; managed isolated harness"
"EXP-FLEX-STABLE-GUARD-MODEL","FWM-PERF-20260905-4fb943b-tree48c574b-u3","Flex.SetContainerWidth(same width), experimental call-site guard model","Release; net10.0-windows7.0; x64; no debugger; DOTNET_TieredCompilation=0",50,"elapsed","ns/op",4,2.32,5000,"Stopwatch.GetTimestamp","artifacts/performance/FWM-PERF-20260905-4fb943b-tree48c574b-u3/performance-harness-tiered-off.csv","Raw ignored local artifact; managed isolated harness"
"EXP-FLEX-STABLE-GUARD-MODEL","FWM-PERF-20260905-4fb943b-tree48c574b-u3","Flex.SetContainerWidth(same width), experimental call-site guard model","Release; net10.0-windows7.0; x64; no debugger; DOTNET_TieredCompilation=0",50,"managed_allocated","bytes/op",4,0,5000,"GC.GetAllocatedBytesForCurrentThread","artifacts/performance/FWM-PERF-20260905-4fb943b-tree48c574b-u3/performance-harness-tiered-off.csv","Raw ignored local artifact; managed isolated harness"
"EXP-FLEX-STABLE-GUARD-MODEL","FWM-PERF-20260905-4fb943b-tree48c574b-u3","Flex.SetContainerWidth(same width), experimental call-site guard model","Release; net10.0-windows7.0; x64; no debugger; DOTNET_TieredCompilation=0",50,"gen0_collections","count/run",4,0,5000,"GC.CollectionCount","artifacts/performance/FWM-PERF-20260905-4fb943b-tree48c574b-u3/performance-harness-tiered-off.csv","Raw ignored local artifact; managed isolated harness"
"EXP-FLEX-STABLE-GUARD-MODEL","FWM-PERF-20260905-4fb943b-tree48c574b-u3","Flex.SetContainerWidth(same width), experimental call-site guard model","Release; net10.0-windows7.0; x64; no debugger; DOTNET_TieredCompilation=0",50,"gen1_collections","count/run",4,0,5000,"GC.CollectionCount","artifacts/performance/FWM-PERF-20260905-4fb943b-tree48c574b-u3/performance-harness-tiered-off.csv","Raw ignored local artifact; managed isolated harness"
"EXP-FLEX-STABLE-GUARD-MODEL","FWM-PERF-20260905-4fb943b-tree48c574b-u3","Flex.SetContainerWidth(same width), experimental call-site guard model","Release; net10.0-windows7.0; x64; no debugger; DOTNET_TieredCompilation=0",50,"gen2_collections","count/run",4,0,5000,"GC.CollectionCount","artifacts/performance/FWM-PERF-20260905-4fb943b-tree48c574b-u3/performance-harness-tiered-off.csv","Raw ignored local artifact; managed isolated harness"
"EXP-FLEX-STABLE-BASELINE","FWM-PERF-20260905-4fb943b-tree48c574b-u3","Flex.SetContainerWidth(same width), production","Release; net10.0-windows7.0; x64; no debugger; DOTNET_TieredCompilation=0",50,"elapsed","ns/op",4,895.1,5000,"Stopwatch.GetTimestamp","artifacts/performance/FWM-PERF-20260905-4fb943b-tree48c574b-u3/performance-harness-tiered-off.csv","Raw ignored local artifact; managed isolated harness"
"EXP-FLEX-STABLE-BASELINE","FWM-PERF-20260905-4fb943b-tree48c574b-u3","Flex.SetContainerWidth(same width), production","Release; net10.0-windows7.0; x64; no debugger; DOTNET_TieredCompilation=0",50,"managed_allocated","bytes/op",4,1536,5000,"GC.GetAllocatedBytesForCurrentThread","artifacts/performance/FWM-PERF-20260905-4fb943b-tree48c574b-u3/performance-harness-tiered-off.csv","Raw ignored local artifact; managed isolated harness"
"EXP-FLEX-STABLE-BASELINE","FWM-PERF-20260905-4fb943b-tree48c574b-u3","Flex.SetContainerWidth(same width), production","Release; net10.0-windows7.0; x64; no debugger; DOTNET_TieredCompilation=0",50,"gen0_collections","count/run",4,0,5000,"GC.CollectionCount","artifacts/performance/FWM-PERF-20260905-4fb943b-tree48c574b-u3/performance-harness-tiered-off.csv","Raw ignored local artifact; managed isolated harness"
"EXP-FLEX-STABLE-BASELINE","FWM-PERF-20260905-4fb943b-tree48c574b-u3","Flex.SetContainerWidth(same width), production","Release; net10.0-windows7.0; x64; no debugger; DOTNET_TieredCompilation=0",50,"gen1_collections","count/run",4,0,5000,"GC.CollectionCount","artifacts/performance/FWM-PERF-20260905-4fb943b-tree48c574b-u3/performance-harness-tiered-off.csv","Raw ignored local artifact; managed isolated harness"
"EXP-FLEX-STABLE-BASELINE","FWM-PERF-20260905-4fb943b-tree48c574b-u3","Flex.SetContainerWidth(same width), production","Release; net10.0-windows7.0; x64; no debugger; DOTNET_TieredCompilation=0",50,"gen2_collections","count/run",4,0,5000,"GC.CollectionCount","artifacts/performance/FWM-PERF-20260905-4fb943b-tree48c574b-u3/performance-harness-tiered-off.csv","Raw ignored local artifact; managed isolated harness"
"EXP-FLEX-STABLE-BASELINE","FWM-PERF-20260905-4fb943b-tree48c574b-u3","Flex.SetContainerWidth(same width), production","Release; net10.0-windows7.0; x64; no debugger; DOTNET_TieredCompilation=0",50,"elapsed","ns/op",5,965.86,5000,"Stopwatch.GetTimestamp","artifacts/performance/FWM-PERF-20260905-4fb943b-tree48c574b-u3/performance-harness-tiered-off.csv","Raw ignored local artifact; managed isolated harness"
"EXP-FLEX-STABLE-BASELINE","FWM-PERF-20260905-4fb943b-tree48c574b-u3","Flex.SetContainerWidth(same width), production","Release; net10.0-windows7.0; x64; no debugger; DOTNET_TieredCompilation=0",50,"managed_allocated","bytes/op",5,1536,5000,"GC.GetAllocatedBytesForCurrentThread","artifacts/performance/FWM-PERF-20260905-4fb943b-tree48c574b-u3/performance-harness-tiered-off.csv","Raw ignored local artifact; managed isolated harness"
"EXP-FLEX-STABLE-BASELINE","FWM-PERF-20260905-4fb943b-tree48c574b-u3","Flex.SetContainerWidth(same width), production","Release; net10.0-windows7.0; x64; no debugger; DOTNET_TieredCompilation=0",50,"gen0_collections","count/run",5,0,5000,"GC.CollectionCount","artifacts/performance/FWM-PERF-20260905-4fb943b-tree48c574b-u3/performance-harness-tiered-off.csv","Raw ignored local artifact; managed isolated harness"
"EXP-FLEX-STABLE-BASELINE","FWM-PERF-20260905-4fb943b-tree48c574b-u3","Flex.SetContainerWidth(same width), production","Release; net10.0-windows7.0; x64; no debugger; DOTNET_TieredCompilation=0",50,"gen1_collections","count/run",5,0,5000,"GC.CollectionCount","artifacts/performance/FWM-PERF-20260905-4fb943b-tree48c574b-u3/performance-harness-tiered-off.csv","Raw ignored local artifact; managed isolated harness"
"EXP-FLEX-STABLE-BASELINE","FWM-PERF-20260905-4fb943b-tree48c574b-u3","Flex.SetContainerWidth(same width), production","Release; net10.0-windows7.0; x64; no debugger; DOTNET_TieredCompilation=0",50,"gen2_collections","count/run",5,0,5000,"GC.CollectionCount","artifacts/performance/FWM-PERF-20260905-4fb943b-tree48c574b-u3/performance-harness-tiered-off.csv","Raw ignored local artifact; managed isolated harness"
"EXP-FLEX-STABLE-GUARD-MODEL","FWM-PERF-20260905-4fb943b-tree48c574b-u3","Flex.SetContainerWidth(same width), experimental call-site guard model","Release; net10.0-windows7.0; x64; no debugger; DOTNET_TieredCompilation=0",50,"elapsed","ns/op",5,2.68,5000,"Stopwatch.GetTimestamp","artifacts/performance/FWM-PERF-20260905-4fb943b-tree48c574b-u3/performance-harness-tiered-off.csv","Raw ignored local artifact; managed isolated harness"
"EXP-FLEX-STABLE-GUARD-MODEL","FWM-PERF-20260905-4fb943b-tree48c574b-u3","Flex.SetContainerWidth(same width), experimental call-site guard model","Release; net10.0-windows7.0; x64; no debugger; DOTNET_TieredCompilation=0",50,"managed_allocated","bytes/op",5,0,5000,"GC.GetAllocatedBytesForCurrentThread","artifacts/performance/FWM-PERF-20260905-4fb943b-tree48c574b-u3/performance-harness-tiered-off.csv","Raw ignored local artifact; managed isolated harness"
"EXP-FLEX-STABLE-GUARD-MODEL","FWM-PERF-20260905-4fb943b-tree48c574b-u3","Flex.SetContainerWidth(same width), experimental call-site guard model","Release; net10.0-windows7.0; x64; no debugger; DOTNET_TieredCompilation=0",50,"gen0_collections","count/run",5,0,5000,"GC.CollectionCount","artifacts/performance/FWM-PERF-20260905-4fb943b-tree48c574b-u3/performance-harness-tiered-off.csv","Raw ignored local artifact; managed isolated harness"
"EXP-FLEX-STABLE-GUARD-MODEL","FWM-PERF-20260905-4fb943b-tree48c574b-u3","Flex.SetContainerWidth(same width), experimental call-site guard model","Release; net10.0-windows7.0; x64; no debugger; DOTNET_TieredCompilation=0",50,"gen1_collections","count/run",5,0,5000,"GC.CollectionCount","artifacts/performance/FWM-PERF-20260905-4fb943b-tree48c574b-u3/performance-harness-tiered-off.csv","Raw ignored local artifact; managed isolated harness"
"EXP-FLEX-STABLE-GUARD-MODEL","FWM-PERF-20260905-4fb943b-tree48c574b-u3","Flex.SetContainerWidth(same width), experimental call-site guard model","Release; net10.0-windows7.0; x64; no debugger; DOTNET_TieredCompilation=0",50,"gen2_collections","count/run",5,0,5000,"GC.CollectionCount","artifacts/performance/FWM-PERF-20260905-4fb943b-tree48c574b-u3/performance-harness-tiered-off.csv","Raw ignored local artifact; managed isolated harness"
"EXP-LAYOUT-STABLE-PASS","FWM-PERF-20260905-4fb943b-tree48c574b-u3","DesktopTree.Measure+Arrange, unchanged flat tree","Release; net10.0-windows7.0; x64; no debugger; DOTNET_TieredCompilation=0",50,"elapsed","ns/op",1,4169.8,5000,"Stopwatch.GetTimestamp","artifacts/performance/FWM-PERF-20260905-4fb943b-tree48c574b-u3/performance-harness-tiered-off.csv","Raw ignored local artifact; managed isolated harness"
"EXP-LAYOUT-STABLE-PASS","FWM-PERF-20260905-4fb943b-tree48c574b-u3","DesktopTree.Measure+Arrange, unchanged flat tree","Release; net10.0-windows7.0; x64; no debugger; DOTNET_TieredCompilation=0",50,"managed_allocated","bytes/op",1,3960,5000,"GC.GetAllocatedBytesForCurrentThread","artifacts/performance/FWM-PERF-20260905-4fb943b-tree48c574b-u3/performance-harness-tiered-off.csv","Raw ignored local artifact; managed isolated harness"
"EXP-LAYOUT-STABLE-PASS","FWM-PERF-20260905-4fb943b-tree48c574b-u3","DesktopTree.Measure+Arrange, unchanged flat tree","Release; net10.0-windows7.0; x64; no debugger; DOTNET_TieredCompilation=0",50,"gen0_collections","count/run",1,1,5000,"GC.CollectionCount","artifacts/performance/FWM-PERF-20260905-4fb943b-tree48c574b-u3/performance-harness-tiered-off.csv","Raw ignored local artifact; managed isolated harness"
"EXP-LAYOUT-STABLE-PASS","FWM-PERF-20260905-4fb943b-tree48c574b-u3","DesktopTree.Measure+Arrange, unchanged flat tree","Release; net10.0-windows7.0; x64; no debugger; DOTNET_TieredCompilation=0",50,"gen1_collections","count/run",1,0,5000,"GC.CollectionCount","artifacts/performance/FWM-PERF-20260905-4fb943b-tree48c574b-u3/performance-harness-tiered-off.csv","Raw ignored local artifact; managed isolated harness"
"EXP-LAYOUT-STABLE-PASS","FWM-PERF-20260905-4fb943b-tree48c574b-u3","DesktopTree.Measure+Arrange, unchanged flat tree","Release; net10.0-windows7.0; x64; no debugger; DOTNET_TieredCompilation=0",50,"gen2_collections","count/run",1,0,5000,"GC.CollectionCount","artifacts/performance/FWM-PERF-20260905-4fb943b-tree48c574b-u3/performance-harness-tiered-off.csv","Raw ignored local artifact; managed isolated harness"
"EXP-LAYOUT-STABLE-PASS","FWM-PERF-20260905-4fb943b-tree48c574b-u3","DesktopTree.Measure+Arrange, unchanged flat tree","Release; net10.0-windows7.0; x64; no debugger; DOTNET_TieredCompilation=0",50,"elapsed","ns/op",2,3954.76,5000,"Stopwatch.GetTimestamp","artifacts/performance/FWM-PERF-20260905-4fb943b-tree48c574b-u3/performance-harness-tiered-off.csv","Raw ignored local artifact; managed isolated harness"
"EXP-LAYOUT-STABLE-PASS","FWM-PERF-20260905-4fb943b-tree48c574b-u3","DesktopTree.Measure+Arrange, unchanged flat tree","Release; net10.0-windows7.0; x64; no debugger; DOTNET_TieredCompilation=0",50,"managed_allocated","bytes/op",2,3960,5000,"GC.GetAllocatedBytesForCurrentThread","artifacts/performance/FWM-PERF-20260905-4fb943b-tree48c574b-u3/performance-harness-tiered-off.csv","Raw ignored local artifact; managed isolated harness"
"EXP-LAYOUT-STABLE-PASS","FWM-PERF-20260905-4fb943b-tree48c574b-u3","DesktopTree.Measure+Arrange, unchanged flat tree","Release; net10.0-windows7.0; x64; no debugger; DOTNET_TieredCompilation=0",50,"gen0_collections","count/run",2,1,5000,"GC.CollectionCount","artifacts/performance/FWM-PERF-20260905-4fb943b-tree48c574b-u3/performance-harness-tiered-off.csv","Raw ignored local artifact; managed isolated harness"
"EXP-LAYOUT-STABLE-PASS","FWM-PERF-20260905-4fb943b-tree48c574b-u3","DesktopTree.Measure+Arrange, unchanged flat tree","Release; net10.0-windows7.0; x64; no debugger; DOTNET_TieredCompilation=0",50,"gen1_collections","count/run",2,0,5000,"GC.CollectionCount","artifacts/performance/FWM-PERF-20260905-4fb943b-tree48c574b-u3/performance-harness-tiered-off.csv","Raw ignored local artifact; managed isolated harness"
"EXP-LAYOUT-STABLE-PASS","FWM-PERF-20260905-4fb943b-tree48c574b-u3","DesktopTree.Measure+Arrange, unchanged flat tree","Release; net10.0-windows7.0; x64; no debugger; DOTNET_TieredCompilation=0",50,"gen2_collections","count/run",2,0,5000,"GC.CollectionCount","artifacts/performance/FWM-PERF-20260905-4fb943b-tree48c574b-u3/performance-harness-tiered-off.csv","Raw ignored local artifact; managed isolated harness"
"EXP-LAYOUT-STABLE-PASS","FWM-PERF-20260905-4fb943b-tree48c574b-u3","DesktopTree.Measure+Arrange, unchanged flat tree","Release; net10.0-windows7.0; x64; no debugger; DOTNET_TieredCompilation=0",50,"elapsed","ns/op",3,3905.04,5000,"Stopwatch.GetTimestamp","artifacts/performance/FWM-PERF-20260905-4fb943b-tree48c574b-u3/performance-harness-tiered-off.csv","Raw ignored local artifact; managed isolated harness"
"EXP-LAYOUT-STABLE-PASS","FWM-PERF-20260905-4fb943b-tree48c574b-u3","DesktopTree.Measure+Arrange, unchanged flat tree","Release; net10.0-windows7.0; x64; no debugger; DOTNET_TieredCompilation=0",50,"managed_allocated","bytes/op",3,3960,5000,"GC.GetAllocatedBytesForCurrentThread","artifacts/performance/FWM-PERF-20260905-4fb943b-tree48c574b-u3/performance-harness-tiered-off.csv","Raw ignored local artifact; managed isolated harness"
"EXP-LAYOUT-STABLE-PASS","FWM-PERF-20260905-4fb943b-tree48c574b-u3","DesktopTree.Measure+Arrange, unchanged flat tree","Release; net10.0-windows7.0; x64; no debugger; DOTNET_TieredCompilation=0",50,"gen0_collections","count/run",3,1,5000,"GC.CollectionCount","artifacts/performance/FWM-PERF-20260905-4fb943b-tree48c574b-u3/performance-harness-tiered-off.csv","Raw ignored local artifact; managed isolated harness"
"EXP-LAYOUT-STABLE-PASS","FWM-PERF-20260905-4fb943b-tree48c574b-u3","DesktopTree.Measure+Arrange, unchanged flat tree","Release; net10.0-windows7.0; x64; no debugger; DOTNET_TieredCompilation=0",50,"gen1_collections","count/run",3,0,5000,"GC.CollectionCount","artifacts/performance/FWM-PERF-20260905-4fb943b-tree48c574b-u3/performance-harness-tiered-off.csv","Raw ignored local artifact; managed isolated harness"
"EXP-LAYOUT-STABLE-PASS","FWM-PERF-20260905-4fb943b-tree48c574b-u3","DesktopTree.Measure+Arrange, unchanged flat tree","Release; net10.0-windows7.0; x64; no debugger; DOTNET_TieredCompilation=0",50,"gen2_collections","count/run",3,0,5000,"GC.CollectionCount","artifacts/performance/FWM-PERF-20260905-4fb943b-tree48c574b-u3/performance-harness-tiered-off.csv","Raw ignored local artifact; managed isolated harness"
"EXP-LAYOUT-STABLE-PASS","FWM-PERF-20260905-4fb943b-tree48c574b-u3","DesktopTree.Measure+Arrange, unchanged flat tree","Release; net10.0-windows7.0; x64; no debugger; DOTNET_TieredCompilation=0",50,"elapsed","ns/op",4,3940.64,5000,"Stopwatch.GetTimestamp","artifacts/performance/FWM-PERF-20260905-4fb943b-tree48c574b-u3/performance-harness-tiered-off.csv","Raw ignored local artifact; managed isolated harness"
"EXP-LAYOUT-STABLE-PASS","FWM-PERF-20260905-4fb943b-tree48c574b-u3","DesktopTree.Measure+Arrange, unchanged flat tree","Release; net10.0-windows7.0; x64; no debugger; DOTNET_TieredCompilation=0",50,"managed_allocated","bytes/op",4,3960,5000,"GC.GetAllocatedBytesForCurrentThread","artifacts/performance/FWM-PERF-20260905-4fb943b-tree48c574b-u3/performance-harness-tiered-off.csv","Raw ignored local artifact; managed isolated harness"
"EXP-LAYOUT-STABLE-PASS","FWM-PERF-20260905-4fb943b-tree48c574b-u3","DesktopTree.Measure+Arrange, unchanged flat tree","Release; net10.0-windows7.0; x64; no debugger; DOTNET_TieredCompilation=0",50,"gen0_collections","count/run",4,1,5000,"GC.CollectionCount","artifacts/performance/FWM-PERF-20260905-4fb943b-tree48c574b-u3/performance-harness-tiered-off.csv","Raw ignored local artifact; managed isolated harness"
"EXP-LAYOUT-STABLE-PASS","FWM-PERF-20260905-4fb943b-tree48c574b-u3","DesktopTree.Measure+Arrange, unchanged flat tree","Release; net10.0-windows7.0; x64; no debugger; DOTNET_TieredCompilation=0",50,"gen1_collections","count/run",4,0,5000,"GC.CollectionCount","artifacts/performance/FWM-PERF-20260905-4fb943b-tree48c574b-u3/performance-harness-tiered-off.csv","Raw ignored local artifact; managed isolated harness"
"EXP-LAYOUT-STABLE-PASS","FWM-PERF-20260905-4fb943b-tree48c574b-u3","DesktopTree.Measure+Arrange, unchanged flat tree","Release; net10.0-windows7.0; x64; no debugger; DOTNET_TieredCompilation=0",50,"gen2_collections","count/run",4,0,5000,"GC.CollectionCount","artifacts/performance/FWM-PERF-20260905-4fb943b-tree48c574b-u3/performance-harness-tiered-off.csv","Raw ignored local artifact; managed isolated harness"
"EXP-LAYOUT-STABLE-PASS","FWM-PERF-20260905-4fb943b-tree48c574b-u3","DesktopTree.Measure+Arrange, unchanged flat tree","Release; net10.0-windows7.0; x64; no debugger; DOTNET_TieredCompilation=0",50,"elapsed","ns/op",5,3995.64,5000,"Stopwatch.GetTimestamp","artifacts/performance/FWM-PERF-20260905-4fb943b-tree48c574b-u3/performance-harness-tiered-off.csv","Raw ignored local artifact; managed isolated harness"
"EXP-LAYOUT-STABLE-PASS","FWM-PERF-20260905-4fb943b-tree48c574b-u3","DesktopTree.Measure+Arrange, unchanged flat tree","Release; net10.0-windows7.0; x64; no debugger; DOTNET_TieredCompilation=0",50,"managed_allocated","bytes/op",5,3960,5000,"GC.GetAllocatedBytesForCurrentThread","artifacts/performance/FWM-PERF-20260905-4fb943b-tree48c574b-u3/performance-harness-tiered-off.csv","Raw ignored local artifact; managed isolated harness"
"EXP-LAYOUT-STABLE-PASS","FWM-PERF-20260905-4fb943b-tree48c574b-u3","DesktopTree.Measure+Arrange, unchanged flat tree","Release; net10.0-windows7.0; x64; no debugger; DOTNET_TieredCompilation=0",50,"gen0_collections","count/run",5,1,5000,"GC.CollectionCount","artifacts/performance/FWM-PERF-20260905-4fb943b-tree48c574b-u3/performance-harness-tiered-off.csv","Raw ignored local artifact; managed isolated harness"
"EXP-LAYOUT-STABLE-PASS","FWM-PERF-20260905-4fb943b-tree48c574b-u3","DesktopTree.Measure+Arrange, unchanged flat tree","Release; net10.0-windows7.0; x64; no debugger; DOTNET_TieredCompilation=0",50,"gen1_collections","count/run",5,0,5000,"GC.CollectionCount","artifacts/performance/FWM-PERF-20260905-4fb943b-tree48c574b-u3/performance-harness-tiered-off.csv","Raw ignored local artifact; managed isolated harness"
"EXP-LAYOUT-STABLE-PASS","FWM-PERF-20260905-4fb943b-tree48c574b-u3","DesktopTree.Measure+Arrange, unchanged flat tree","Release; net10.0-windows7.0; x64; no debugger; DOTNET_TieredCompilation=0",50,"gen2_collections","count/run",5,0,5000,"GC.CollectionCount","artifacts/performance/FWM-PERF-20260905-4fb943b-tree48c574b-u3/performance-harness-tiered-off.csv","Raw ignored local artifact; managed isolated harness"
"UI-THEME-CONVERT-001","FWM-PERF-20260905-4fb943b-tree48c574b-u3","fixed production-shaped ThemeEngine CSS conversion; empty custom CSS","Release; net10.0-windows10.0.18362.0; x64; no debugger/profiler; 3 warmups; forced GC outside timed regions; assembly sha256=2550730b423ba16c729572193fe29b7e7b45c44bd0b51bd4d2ab9020467211f0; html sha256=d12a96805de60a3ff2df2c5e5450bd559d9cfea826681a7e86d049010f1ddadd; css sha256=4b9aba64593667689d8ff551043713d2aee4e9f29ccdc9be492daf0cbfa1b929","0","elapsed","ms","1","13.055","1","System.Diagnostics.Stopwatch","scripts/performance/Measure-ThemeConversion.ps1","Reproduced 2026-09-05; fresh converter/run; .NET 10.0.11; output count 224; GC0/1/2 was 0/run"
"UI-THEME-CONVERT-001","FWM-PERF-20260905-4fb943b-tree48c574b-u3","fixed production-shaped ThemeEngine CSS conversion; empty custom CSS","Release; net10.0-windows10.0.18362.0; x64; no debugger/profiler; 3 warmups; forced GC outside timed regions; assembly sha256=2550730b423ba16c729572193fe29b7e7b45c44bd0b51bd4d2ab9020467211f0; html sha256=d12a96805de60a3ff2df2c5e5450bd559d9cfea826681a7e86d049010f1ddadd; css sha256=4b9aba64593667689d8ff551043713d2aee4e9f29ccdc9be492daf0cbfa1b929","0","managed_allocated","bytes/apply","1","3151528","1","GC.GetTotalAllocatedBytes(precise=true)","scripts/performance/Measure-ThemeConversion.ps1","Reproduced 2026-09-05; fresh converter/run; .NET 10.0.11; output count 224; GC0/1/2 was 0/run"
"UI-THEME-CONVERT-001","FWM-PERF-20260905-4fb943b-tree48c574b-u3","fixed production-shaped ThemeEngine CSS conversion; empty custom CSS","Release; net10.0-windows10.0.18362.0; x64; no debugger/profiler; 3 warmups; forced GC outside timed regions; assembly sha256=2550730b423ba16c729572193fe29b7e7b45c44bd0b51bd4d2ab9020467211f0; html sha256=d12a96805de60a3ff2df2c5e5450bd559d9cfea826681a7e86d049010f1ddadd; css sha256=4b9aba64593667689d8ff551043713d2aee4e9f29ccdc9be492daf0cbfa1b929","0","resource_dictionary_entries","count/apply","1","224","1","IReadOnlyDictionary.Count","scripts/performance/Measure-ThemeConversion.ps1","Reproduced 2026-09-05; fresh converter/run; .NET 10.0.11; output count 224; GC0/1/2 was 0/run"
"UI-THEME-CONVERT-001","FWM-PERF-20260905-4fb943b-tree48c574b-u3","fixed production-shaped ThemeEngine CSS conversion; empty custom CSS","Release; net10.0-windows10.0.18362.0; x64; no debugger/profiler; 3 warmups; forced GC outside timed regions; assembly sha256=2550730b423ba16c729572193fe29b7e7b45c44bd0b51bd4d2ab9020467211f0; html sha256=d12a96805de60a3ff2df2c5e5450bd559d9cfea826681a7e86d049010f1ddadd; css sha256=4b9aba64593667689d8ff551043713d2aee4e9f29ccdc9be492daf0cbfa1b929","0","gen0_collections","count/run","1","0","1","GC.CollectionCount","scripts/performance/Measure-ThemeConversion.ps1","Reproduced 2026-09-05; fresh converter/run; .NET 10.0.11; output count 224; GC0/1/2 was 0/run"
"UI-THEME-CONVERT-001","FWM-PERF-20260905-4fb943b-tree48c574b-u3","fixed production-shaped ThemeEngine CSS conversion; empty custom CSS","Release; net10.0-windows10.0.18362.0; x64; no debugger/profiler; 3 warmups; forced GC outside timed regions; assembly sha256=2550730b423ba16c729572193fe29b7e7b45c44bd0b51bd4d2ab9020467211f0; html sha256=d12a96805de60a3ff2df2c5e5450bd559d9cfea826681a7e86d049010f1ddadd; css sha256=4b9aba64593667689d8ff551043713d2aee4e9f29ccdc9be492daf0cbfa1b929","0","gen1_collections","count/run","1","0","1","GC.CollectionCount","scripts/performance/Measure-ThemeConversion.ps1","Reproduced 2026-09-05; fresh converter/run; .NET 10.0.11; output count 224; GC0/1/2 was 0/run"
"UI-THEME-CONVERT-001","FWM-PERF-20260905-4fb943b-tree48c574b-u3","fixed production-shaped ThemeEngine CSS conversion; empty custom CSS","Release; net10.0-windows10.0.18362.0; x64; no debugger/profiler; 3 warmups; forced GC outside timed regions; assembly sha256=2550730b423ba16c729572193fe29b7e7b45c44bd0b51bd4d2ab9020467211f0; html sha256=d12a96805de60a3ff2df2c5e5450bd559d9cfea826681a7e86d049010f1ddadd; css sha256=4b9aba64593667689d8ff551043713d2aee4e9f29ccdc9be492daf0cbfa1b929","0","gen2_collections","count/run","1","0","1","GC.CollectionCount","scripts/performance/Measure-ThemeConversion.ps1","Reproduced 2026-09-05; fresh converter/run; .NET 10.0.11; output count 224; GC0/1/2 was 0/run"
"UI-THEME-CONVERT-001","FWM-PERF-20260905-4fb943b-tree48c574b-u3","fixed production-shaped ThemeEngine CSS conversion; empty custom CSS","Release; net10.0-windows10.0.18362.0; x64; no debugger/profiler; 3 warmups; forced GC outside timed regions; assembly sha256=2550730b423ba16c729572193fe29b7e7b45c44bd0b51bd4d2ab9020467211f0; html sha256=d12a96805de60a3ff2df2c5e5450bd559d9cfea826681a7e86d049010f1ddadd; css sha256=4b9aba64593667689d8ff551043713d2aee4e9f29ccdc9be492daf0cbfa1b929","0","elapsed","ms","2","12.149","1","System.Diagnostics.Stopwatch","scripts/performance/Measure-ThemeConversion.ps1","Reproduced 2026-09-05; fresh converter/run; .NET 10.0.11; output count 224; GC0/1/2 was 0/run"
"UI-THEME-CONVERT-001","FWM-PERF-20260905-4fb943b-tree48c574b-u3","fixed production-shaped ThemeEngine CSS conversion; empty custom CSS","Release; net10.0-windows10.0.18362.0; x64; no debugger/profiler; 3 warmups; forced GC outside timed regions; assembly sha256=2550730b423ba16c729572193fe29b7e7b45c44bd0b51bd4d2ab9020467211f0; html sha256=d12a96805de60a3ff2df2c5e5450bd559d9cfea826681a7e86d049010f1ddadd; css sha256=4b9aba64593667689d8ff551043713d2aee4e9f29ccdc9be492daf0cbfa1b929","0","managed_allocated","bytes/apply","2","3081384","1","GC.GetTotalAllocatedBytes(precise=true)","scripts/performance/Measure-ThemeConversion.ps1","Reproduced 2026-09-05; fresh converter/run; .NET 10.0.11; output count 224; GC0/1/2 was 0/run"
"UI-THEME-CONVERT-001","FWM-PERF-20260905-4fb943b-tree48c574b-u3","fixed production-shaped ThemeEngine CSS conversion; empty custom CSS","Release; net10.0-windows10.0.18362.0; x64; no debugger/profiler; 3 warmups; forced GC outside timed regions; assembly sha256=2550730b423ba16c729572193fe29b7e7b45c44bd0b51bd4d2ab9020467211f0; html sha256=d12a96805de60a3ff2df2c5e5450bd559d9cfea826681a7e86d049010f1ddadd; css sha256=4b9aba64593667689d8ff551043713d2aee4e9f29ccdc9be492daf0cbfa1b929","0","resource_dictionary_entries","count/apply","2","224","1","IReadOnlyDictionary.Count","scripts/performance/Measure-ThemeConversion.ps1","Reproduced 2026-09-05; fresh converter/run; .NET 10.0.11; output count 224; GC0/1/2 was 0/run"
"UI-THEME-CONVERT-001","FWM-PERF-20260905-4fb943b-tree48c574b-u3","fixed production-shaped ThemeEngine CSS conversion; empty custom CSS","Release; net10.0-windows10.0.18362.0; x64; no debugger/profiler; 3 warmups; forced GC outside timed regions; assembly sha256=2550730b423ba16c729572193fe29b7e7b45c44bd0b51bd4d2ab9020467211f0; html sha256=d12a96805de60a3ff2df2c5e5450bd559d9cfea826681a7e86d049010f1ddadd; css sha256=4b9aba64593667689d8ff551043713d2aee4e9f29ccdc9be492daf0cbfa1b929","0","gen0_collections","count/run","2","0","1","GC.CollectionCount","scripts/performance/Measure-ThemeConversion.ps1","Reproduced 2026-09-05; fresh converter/run; .NET 10.0.11; output count 224; GC0/1/2 was 0/run"
"UI-THEME-CONVERT-001","FWM-PERF-20260905-4fb943b-tree48c574b-u3","fixed production-shaped ThemeEngine CSS conversion; empty custom CSS","Release; net10.0-windows10.0.18362.0; x64; no debugger/profiler; 3 warmups; forced GC outside timed regions; assembly sha256=2550730b423ba16c729572193fe29b7e7b45c44bd0b51bd4d2ab9020467211f0; html sha256=d12a96805de60a3ff2df2c5e5450bd559d9cfea826681a7e86d049010f1ddadd; css sha256=4b9aba64593667689d8ff551043713d2aee4e9f29ccdc9be492daf0cbfa1b929","0","gen1_collections","count/run","2","0","1","GC.CollectionCount","scripts/performance/Measure-ThemeConversion.ps1","Reproduced 2026-09-05; fresh converter/run; .NET 10.0.11; output count 224; GC0/1/2 was 0/run"
"UI-THEME-CONVERT-001","FWM-PERF-20260905-4fb943b-tree48c574b-u3","fixed production-shaped ThemeEngine CSS conversion; empty custom CSS","Release; net10.0-windows10.0.18362.0; x64; no debugger/profiler; 3 warmups; forced GC outside timed regions; assembly sha256=2550730b423ba16c729572193fe29b7e7b45c44bd0b51bd4d2ab9020467211f0; html sha256=d12a96805de60a3ff2df2c5e5450bd559d9cfea826681a7e86d049010f1ddadd; css sha256=4b9aba64593667689d8ff551043713d2aee4e9f29ccdc9be492daf0cbfa1b929","0","gen2_collections","count/run","2","0","1","GC.CollectionCount","scripts/performance/Measure-ThemeConversion.ps1","Reproduced 2026-09-05; fresh converter/run; .NET 10.0.11; output count 224; GC0/1/2 was 0/run"
"UI-THEME-CONVERT-001","FWM-PERF-20260905-4fb943b-tree48c574b-u3","fixed production-shaped ThemeEngine CSS conversion; empty custom CSS","Release; net10.0-windows10.0.18362.0; x64; no debugger/profiler; 3 warmups; forced GC outside timed regions; assembly sha256=2550730b423ba16c729572193fe29b7e7b45c44bd0b51bd4d2ab9020467211f0; html sha256=d12a96805de60a3ff2df2c5e5450bd559d9cfea826681a7e86d049010f1ddadd; css sha256=4b9aba64593667689d8ff551043713d2aee4e9f29ccdc9be492daf0cbfa1b929","0","elapsed","ms","3","12.226","1","System.Diagnostics.Stopwatch","scripts/performance/Measure-ThemeConversion.ps1","Reproduced 2026-09-05; fresh converter/run; .NET 10.0.11; output count 224; GC0/1/2 was 0/run"
"UI-THEME-CONVERT-001","FWM-PERF-20260905-4fb943b-tree48c574b-u3","fixed production-shaped ThemeEngine CSS conversion; empty custom CSS","Release; net10.0-windows10.0.18362.0; x64; no debugger/profiler; 3 warmups; forced GC outside timed regions; assembly sha256=2550730b423ba16c729572193fe29b7e7b45c44bd0b51bd4d2ab9020467211f0; html sha256=d12a96805de60a3ff2df2c5e5450bd559d9cfea826681a7e86d049010f1ddadd; css sha256=4b9aba64593667689d8ff551043713d2aee4e9f29ccdc9be492daf0cbfa1b929","0","managed_allocated","bytes/apply","3","3084000","1","GC.GetTotalAllocatedBytes(precise=true)","scripts/performance/Measure-ThemeConversion.ps1","Reproduced 2026-09-05; fresh converter/run; .NET 10.0.11; output count 224; GC0/1/2 was 0/run"
"UI-THEME-CONVERT-001","FWM-PERF-20260905-4fb943b-tree48c574b-u3","fixed production-shaped ThemeEngine CSS conversion; empty custom CSS","Release; net10.0-windows10.0.18362.0; x64; no debugger/profiler; 3 warmups; forced GC outside timed regions; assembly sha256=2550730b423ba16c729572193fe29b7e7b45c44bd0b51bd4d2ab9020467211f0; html sha256=d12a96805de60a3ff2df2c5e5450bd559d9cfea826681a7e86d049010f1ddadd; css sha256=4b9aba64593667689d8ff551043713d2aee4e9f29ccdc9be492daf0cbfa1b929","0","resource_dictionary_entries","count/apply","3","224","1","IReadOnlyDictionary.Count","scripts/performance/Measure-ThemeConversion.ps1","Reproduced 2026-09-05; fresh converter/run; .NET 10.0.11; output count 224; GC0/1/2 was 0/run"
"UI-THEME-CONVERT-001","FWM-PERF-20260905-4fb943b-tree48c574b-u3","fixed production-shaped ThemeEngine CSS conversion; empty custom CSS","Release; net10.0-windows10.0.18362.0; x64; no debugger/profiler; 3 warmups; forced GC outside timed regions; assembly sha256=2550730b423ba16c729572193fe29b7e7b45c44bd0b51bd4d2ab9020467211f0; html sha256=d12a96805de60a3ff2df2c5e5450bd559d9cfea826681a7e86d049010f1ddadd; css sha256=4b9aba64593667689d8ff551043713d2aee4e9f29ccdc9be492daf0cbfa1b929","0","gen0_collections","count/run","3","0","1","GC.CollectionCount","scripts/performance/Measure-ThemeConversion.ps1","Reproduced 2026-09-05; fresh converter/run; .NET 10.0.11; output count 224; GC0/1/2 was 0/run"
"UI-THEME-CONVERT-001","FWM-PERF-20260905-4fb943b-tree48c574b-u3","fixed production-shaped ThemeEngine CSS conversion; empty custom CSS","Release; net10.0-windows10.0.18362.0; x64; no debugger/profiler; 3 warmups; forced GC outside timed regions; assembly sha256=2550730b423ba16c729572193fe29b7e7b45c44bd0b51bd4d2ab9020467211f0; html sha256=d12a96805de60a3ff2df2c5e5450bd559d9cfea826681a7e86d049010f1ddadd; css sha256=4b9aba64593667689d8ff551043713d2aee4e9f29ccdc9be492daf0cbfa1b929","0","gen1_collections","count/run","3","0","1","GC.CollectionCount","scripts/performance/Measure-ThemeConversion.ps1","Reproduced 2026-09-05; fresh converter/run; .NET 10.0.11; output count 224; GC0/1/2 was 0/run"
"UI-THEME-CONVERT-001","FWM-PERF-20260905-4fb943b-tree48c574b-u3","fixed production-shaped ThemeEngine CSS conversion; empty custom CSS","Release; net10.0-windows10.0.18362.0; x64; no debugger/profiler; 3 warmups; forced GC outside timed regions; assembly sha256=2550730b423ba16c729572193fe29b7e7b45c44bd0b51bd4d2ab9020467211f0; html sha256=d12a96805de60a3ff2df2c5e5450bd559d9cfea826681a7e86d049010f1ddadd; css sha256=4b9aba64593667689d8ff551043713d2aee4e9f29ccdc9be492daf0cbfa1b929","0","gen2_collections","count/run","3","0","1","GC.CollectionCount","scripts/performance/Measure-ThemeConversion.ps1","Reproduced 2026-09-05; fresh converter/run; .NET 10.0.11; output count 224; GC0/1/2 was 0/run"
"UI-THEME-CONVERT-001","FWM-PERF-20260905-4fb943b-tree48c574b-u3","fixed production-shaped ThemeEngine CSS conversion; empty custom CSS","Release; net10.0-windows10.0.18362.0; x64; no debugger/profiler; 3 warmups; forced GC outside timed regions; assembly sha256=2550730b423ba16c729572193fe29b7e7b45c44bd0b51bd4d2ab9020467211f0; html sha256=d12a96805de60a3ff2df2c5e5450bd559d9cfea826681a7e86d049010f1ddadd; css sha256=4b9aba64593667689d8ff551043713d2aee4e9f29ccdc9be492daf0cbfa1b929","0","elapsed","ms","4","11.96","1","System.Diagnostics.Stopwatch","scripts/performance/Measure-ThemeConversion.ps1","Reproduced 2026-09-05; fresh converter/run; .NET 10.0.11; output count 224; GC0/1/2 was 0/run"
"UI-THEME-CONVERT-001","FWM-PERF-20260905-4fb943b-tree48c574b-u3","fixed production-shaped ThemeEngine CSS conversion; empty custom CSS","Release; net10.0-windows10.0.18362.0; x64; no debugger/profiler; 3 warmups; forced GC outside timed regions; assembly sha256=2550730b423ba16c729572193fe29b7e7b45c44bd0b51bd4d2ab9020467211f0; html sha256=d12a96805de60a3ff2df2c5e5450bd559d9cfea826681a7e86d049010f1ddadd; css sha256=4b9aba64593667689d8ff551043713d2aee4e9f29ccdc9be492daf0cbfa1b929","0","managed_allocated","bytes/apply","4","3084008","1","GC.GetTotalAllocatedBytes(precise=true)","scripts/performance/Measure-ThemeConversion.ps1","Reproduced 2026-09-05; fresh converter/run; .NET 10.0.11; output count 224; GC0/1/2 was 0/run"
"UI-THEME-CONVERT-001","FWM-PERF-20260905-4fb943b-tree48c574b-u3","fixed production-shaped ThemeEngine CSS conversion; empty custom CSS","Release; net10.0-windows10.0.18362.0; x64; no debugger/profiler; 3 warmups; forced GC outside timed regions; assembly sha256=2550730b423ba16c729572193fe29b7e7b45c44bd0b51bd4d2ab9020467211f0; html sha256=d12a96805de60a3ff2df2c5e5450bd559d9cfea826681a7e86d049010f1ddadd; css sha256=4b9aba64593667689d8ff551043713d2aee4e9f29ccdc9be492daf0cbfa1b929","0","resource_dictionary_entries","count/apply","4","224","1","IReadOnlyDictionary.Count","scripts/performance/Measure-ThemeConversion.ps1","Reproduced 2026-09-05; fresh converter/run; .NET 10.0.11; output count 224; GC0/1/2 was 0/run"
"UI-THEME-CONVERT-001","FWM-PERF-20260905-4fb943b-tree48c574b-u3","fixed production-shaped ThemeEngine CSS conversion; empty custom CSS","Release; net10.0-windows10.0.18362.0; x64; no debugger/profiler; 3 warmups; forced GC outside timed regions; assembly sha256=2550730b423ba16c729572193fe29b7e7b45c44bd0b51bd4d2ab9020467211f0; html sha256=d12a96805de60a3ff2df2c5e5450bd559d9cfea826681a7e86d049010f1ddadd; css sha256=4b9aba64593667689d8ff551043713d2aee4e9f29ccdc9be492daf0cbfa1b929","0","gen0_collections","count/run","4","0","1","GC.CollectionCount","scripts/performance/Measure-ThemeConversion.ps1","Reproduced 2026-09-05; fresh converter/run; .NET 10.0.11; output count 224; GC0/1/2 was 0/run"
"UI-THEME-CONVERT-001","FWM-PERF-20260905-4fb943b-tree48c574b-u3","fixed production-shaped ThemeEngine CSS conversion; empty custom CSS","Release; net10.0-windows10.0.18362.0; x64; no debugger/profiler; 3 warmups; forced GC outside timed regions; assembly sha256=2550730b423ba16c729572193fe29b7e7b45c44bd0b51bd4d2ab9020467211f0; html sha256=d12a96805de60a3ff2df2c5e5450bd559d9cfea826681a7e86d049010f1ddadd; css sha256=4b9aba64593667689d8ff551043713d2aee4e9f29ccdc9be492daf0cbfa1b929","0","gen1_collections","count/run","4","0","1","GC.CollectionCount","scripts/performance/Measure-ThemeConversion.ps1","Reproduced 2026-09-05; fresh converter/run; .NET 10.0.11; output count 224; GC0/1/2 was 0/run"
"UI-THEME-CONVERT-001","FWM-PERF-20260905-4fb943b-tree48c574b-u3","fixed production-shaped ThemeEngine CSS conversion; empty custom CSS","Release; net10.0-windows10.0.18362.0; x64; no debugger/profiler; 3 warmups; forced GC outside timed regions; assembly sha256=2550730b423ba16c729572193fe29b7e7b45c44bd0b51bd4d2ab9020467211f0; html sha256=d12a96805de60a3ff2df2c5e5450bd559d9cfea826681a7e86d049010f1ddadd; css sha256=4b9aba64593667689d8ff551043713d2aee4e9f29ccdc9be492daf0cbfa1b929","0","gen2_collections","count/run","4","0","1","GC.CollectionCount","scripts/performance/Measure-ThemeConversion.ps1","Reproduced 2026-09-05; fresh converter/run; .NET 10.0.11; output count 224; GC0/1/2 was 0/run"
"UI-THEME-CONVERT-001","FWM-PERF-20260905-4fb943b-tree48c574b-u3","fixed production-shaped ThemeEngine CSS conversion; empty custom CSS","Release; net10.0-windows10.0.18362.0; x64; no debugger/profiler; 3 warmups; forced GC outside timed regions; assembly sha256=2550730b423ba16c729572193fe29b7e7b45c44bd0b51bd4d2ab9020467211f0; html sha256=d12a96805de60a3ff2df2c5e5450bd559d9cfea826681a7e86d049010f1ddadd; css sha256=4b9aba64593667689d8ff551043713d2aee4e9f29ccdc9be492daf0cbfa1b929","0","elapsed","ms","5","12.259","1","System.Diagnostics.Stopwatch","scripts/performance/Measure-ThemeConversion.ps1","Reproduced 2026-09-05; fresh converter/run; .NET 10.0.11; output count 224; GC0/1/2 was 0/run"
"UI-THEME-CONVERT-001","FWM-PERF-20260905-4fb943b-tree48c574b-u3","fixed production-shaped ThemeEngine CSS conversion; empty custom CSS","Release; net10.0-windows10.0.18362.0; x64; no debugger/profiler; 3 warmups; forced GC outside timed regions; assembly sha256=2550730b423ba16c729572193fe29b7e7b45c44bd0b51bd4d2ab9020467211f0; html sha256=d12a96805de60a3ff2df2c5e5450bd559d9cfea826681a7e86d049010f1ddadd; css sha256=4b9aba64593667689d8ff551043713d2aee4e9f29ccdc9be492daf0cbfa1b929","0","managed_allocated","bytes/apply","5","3084016","1","GC.GetTotalAllocatedBytes(precise=true)","scripts/performance/Measure-ThemeConversion.ps1","Reproduced 2026-09-05; fresh converter/run; .NET 10.0.11; output count 224; GC0/1/2 was 0/run"
"UI-THEME-CONVERT-001","FWM-PERF-20260905-4fb943b-tree48c574b-u3","fixed production-shaped ThemeEngine CSS conversion; empty custom CSS","Release; net10.0-windows10.0.18362.0; x64; no debugger/profiler; 3 warmups; forced GC outside timed regions; assembly sha256=2550730b423ba16c729572193fe29b7e7b45c44bd0b51bd4d2ab9020467211f0; html sha256=d12a96805de60a3ff2df2c5e5450bd559d9cfea826681a7e86d049010f1ddadd; css sha256=4b9aba64593667689d8ff551043713d2aee4e9f29ccdc9be492daf0cbfa1b929","0","resource_dictionary_entries","count/apply","5","224","1","IReadOnlyDictionary.Count","scripts/performance/Measure-ThemeConversion.ps1","Reproduced 2026-09-05; fresh converter/run; .NET 10.0.11; output count 224; GC0/1/2 was 0/run"
"UI-THEME-CONVERT-001","FWM-PERF-20260905-4fb943b-tree48c574b-u3","fixed production-shaped ThemeEngine CSS conversion; empty custom CSS","Release; net10.0-windows10.0.18362.0; x64; no debugger/profiler; 3 warmups; forced GC outside timed regions; assembly sha256=2550730b423ba16c729572193fe29b7e7b45c44bd0b51bd4d2ab9020467211f0; html sha256=d12a96805de60a3ff2df2c5e5450bd559d9cfea826681a7e86d049010f1ddadd; css sha256=4b9aba64593667689d8ff551043713d2aee4e9f29ccdc9be492daf0cbfa1b929","0","gen0_collections","count/run","5","0","1","GC.CollectionCount","scripts/performance/Measure-ThemeConversion.ps1","Reproduced 2026-09-05; fresh converter/run; .NET 10.0.11; output count 224; GC0/1/2 was 0/run"
"UI-THEME-CONVERT-001","FWM-PERF-20260905-4fb943b-tree48c574b-u3","fixed production-shaped ThemeEngine CSS conversion; empty custom CSS","Release; net10.0-windows10.0.18362.0; x64; no debugger/profiler; 3 warmups; forced GC outside timed regions; assembly sha256=2550730b423ba16c729572193fe29b7e7b45c44bd0b51bd4d2ab9020467211f0; html sha256=d12a96805de60a3ff2df2c5e5450bd559d9cfea826681a7e86d049010f1ddadd; css sha256=4b9aba64593667689d8ff551043713d2aee4e9f29ccdc9be492daf0cbfa1b929","0","gen1_collections","count/run","5","0","1","GC.CollectionCount","scripts/performance/Measure-ThemeConversion.ps1","Reproduced 2026-09-05; fresh converter/run; .NET 10.0.11; output count 224; GC0/1/2 was 0/run"
"UI-THEME-CONVERT-001","FWM-PERF-20260905-4fb943b-tree48c574b-u3","fixed production-shaped ThemeEngine CSS conversion; empty custom CSS","Release; net10.0-windows10.0.18362.0; x64; no debugger/profiler; 3 warmups; forced GC outside timed regions; assembly sha256=2550730b423ba16c729572193fe29b7e7b45c44bd0b51bd4d2ab9020467211f0; html sha256=d12a96805de60a3ff2df2c5e5450bd559d9cfea826681a7e86d049010f1ddadd; css sha256=4b9aba64593667689d8ff551043713d2aee4e9f29ccdc9be492daf0cbfa1b929","0","gen2_collections","count/run","5","0","1","GC.CollectionCount","scripts/performance/Measure-ThemeConversion.ps1","Reproduced 2026-09-05; fresh converter/run; .NET 10.0.11; output count 224; GC0/1/2 was 0/run"
"UI-THEME-CONVERT-001","FWM-PERF-20260905-4fb943b-tree48c574b-u3","fixed production-shaped ThemeEngine CSS conversion; empty custom CSS","Release; net10.0-windows10.0.18362.0; x64; no debugger/profiler; 3 warmups; forced GC outside timed regions; assembly sha256=2550730b423ba16c729572193fe29b7e7b45c44bd0b51bd4d2ab9020467211f0; html sha256=d12a96805de60a3ff2df2c5e5450bd559d9cfea826681a7e86d049010f1ddadd; css sha256=4b9aba64593667689d8ff551043713d2aee4e9f29ccdc9be492daf0cbfa1b929","0","elapsed","ms","6","11.974","1","System.Diagnostics.Stopwatch","scripts/performance/Measure-ThemeConversion.ps1","Reproduced 2026-09-05; fresh converter/run; .NET 10.0.11; output count 224; GC0/1/2 was 0/run"
"UI-THEME-CONVERT-001","FWM-PERF-20260905-4fb943b-tree48c574b-u3","fixed production-shaped ThemeEngine CSS conversion; empty custom CSS","Release; net10.0-windows10.0.18362.0; x64; no debugger/profiler; 3 warmups; forced GC outside timed regions; assembly sha256=2550730b423ba16c729572193fe29b7e7b45c44bd0b51bd4d2ab9020467211f0; html sha256=d12a96805de60a3ff2df2c5e5450bd559d9cfea826681a7e86d049010f1ddadd; css sha256=4b9aba64593667689d8ff551043713d2aee4e9f29ccdc9be492daf0cbfa1b929","0","managed_allocated","bytes/apply","6","3084024","1","GC.GetTotalAllocatedBytes(precise=true)","scripts/performance/Measure-ThemeConversion.ps1","Reproduced 2026-09-05; fresh converter/run; .NET 10.0.11; output count 224; GC0/1/2 was 0/run"
"UI-THEME-CONVERT-001","FWM-PERF-20260905-4fb943b-tree48c574b-u3","fixed production-shaped ThemeEngine CSS conversion; empty custom CSS","Release; net10.0-windows10.0.18362.0; x64; no debugger/profiler; 3 warmups; forced GC outside timed regions; assembly sha256=2550730b423ba16c729572193fe29b7e7b45c44bd0b51bd4d2ab9020467211f0; html sha256=d12a96805de60a3ff2df2c5e5450bd559d9cfea826681a7e86d049010f1ddadd; css sha256=4b9aba64593667689d8ff551043713d2aee4e9f29ccdc9be492daf0cbfa1b929","0","resource_dictionary_entries","count/apply","6","224","1","IReadOnlyDictionary.Count","scripts/performance/Measure-ThemeConversion.ps1","Reproduced 2026-09-05; fresh converter/run; .NET 10.0.11; output count 224; GC0/1/2 was 0/run"
"UI-THEME-CONVERT-001","FWM-PERF-20260905-4fb943b-tree48c574b-u3","fixed production-shaped ThemeEngine CSS conversion; empty custom CSS","Release; net10.0-windows10.0.18362.0; x64; no debugger/profiler; 3 warmups; forced GC outside timed regions; assembly sha256=2550730b423ba16c729572193fe29b7e7b45c44bd0b51bd4d2ab9020467211f0; html sha256=d12a96805de60a3ff2df2c5e5450bd559d9cfea826681a7e86d049010f1ddadd; css sha256=4b9aba64593667689d8ff551043713d2aee4e9f29ccdc9be492daf0cbfa1b929","0","gen0_collections","count/run","6","0","1","GC.CollectionCount","scripts/performance/Measure-ThemeConversion.ps1","Reproduced 2026-09-05; fresh converter/run; .NET 10.0.11; output count 224; GC0/1/2 was 0/run"
"UI-THEME-CONVERT-001","FWM-PERF-20260905-4fb943b-tree48c574b-u3","fixed production-shaped ThemeEngine CSS conversion; empty custom CSS","Release; net10.0-windows10.0.18362.0; x64; no debugger/profiler; 3 warmups; forced GC outside timed regions; assembly sha256=2550730b423ba16c729572193fe29b7e7b45c44bd0b51bd4d2ab9020467211f0; html sha256=d12a96805de60a3ff2df2c5e5450bd559d9cfea826681a7e86d049010f1ddadd; css sha256=4b9aba64593667689d8ff551043713d2aee4e9f29ccdc9be492daf0cbfa1b929","0","gen1_collections","count/run","6","0","1","GC.CollectionCount","scripts/performance/Measure-ThemeConversion.ps1","Reproduced 2026-09-05; fresh converter/run; .NET 10.0.11; output count 224; GC0/1/2 was 0/run"
"UI-THEME-CONVERT-001","FWM-PERF-20260905-4fb943b-tree48c574b-u3","fixed production-shaped ThemeEngine CSS conversion; empty custom CSS","Release; net10.0-windows10.0.18362.0; x64; no debugger/profiler; 3 warmups; forced GC outside timed regions; assembly sha256=2550730b423ba16c729572193fe29b7e7b45c44bd0b51bd4d2ab9020467211f0; html sha256=d12a96805de60a3ff2df2c5e5450bd559d9cfea826681a7e86d049010f1ddadd; css sha256=4b9aba64593667689d8ff551043713d2aee4e9f29ccdc9be492daf0cbfa1b929","0","gen2_collections","count/run","6","0","1","GC.CollectionCount","scripts/performance/Measure-ThemeConversion.ps1","Reproduced 2026-09-05; fresh converter/run; .NET 10.0.11; output count 224; GC0/1/2 was 0/run"
"UI-THEME-CONVERT-001","FWM-PERF-20260905-4fb943b-tree48c574b-u3","fixed production-shaped ThemeEngine CSS conversion; empty custom CSS","Release; net10.0-windows10.0.18362.0; x64; no debugger/profiler; 3 warmups; forced GC outside timed regions; assembly sha256=2550730b423ba16c729572193fe29b7e7b45c44bd0b51bd4d2ab9020467211f0; html sha256=d12a96805de60a3ff2df2c5e5450bd559d9cfea826681a7e86d049010f1ddadd; css sha256=4b9aba64593667689d8ff551043713d2aee4e9f29ccdc9be492daf0cbfa1b929","0","elapsed","ms","7","12.387","1","System.Diagnostics.Stopwatch","scripts/performance/Measure-ThemeConversion.ps1","Reproduced 2026-09-05; fresh converter/run; .NET 10.0.11; output count 224; GC0/1/2 was 0/run"
"UI-THEME-CONVERT-001","FWM-PERF-20260905-4fb943b-tree48c574b-u3","fixed production-shaped ThemeEngine CSS conversion; empty custom CSS","Release; net10.0-windows10.0.18362.0; x64; no debugger/profiler; 3 warmups; forced GC outside timed regions; assembly sha256=2550730b423ba16c729572193fe29b7e7b45c44bd0b51bd4d2ab9020467211f0; html sha256=d12a96805de60a3ff2df2c5e5450bd559d9cfea826681a7e86d049010f1ddadd; css sha256=4b9aba64593667689d8ff551043713d2aee4e9f29ccdc9be492daf0cbfa1b929","0","managed_allocated","bytes/apply","7","3143432","1","GC.GetTotalAllocatedBytes(precise=true)","scripts/performance/Measure-ThemeConversion.ps1","Reproduced 2026-09-05; fresh converter/run; .NET 10.0.11; output count 224; GC0/1/2 was 0/run"
"UI-THEME-CONVERT-001","FWM-PERF-20260905-4fb943b-tree48c574b-u3","fixed production-shaped ThemeEngine CSS conversion; empty custom CSS","Release; net10.0-windows10.0.18362.0; x64; no debugger/profiler; 3 warmups; forced GC outside timed regions; assembly sha256=2550730b423ba16c729572193fe29b7e7b45c44bd0b51bd4d2ab9020467211f0; html sha256=d12a96805de60a3ff2df2c5e5450bd559d9cfea826681a7e86d049010f1ddadd; css sha256=4b9aba64593667689d8ff551043713d2aee4e9f29ccdc9be492daf0cbfa1b929","0","resource_dictionary_entries","count/apply","7","224","1","IReadOnlyDictionary.Count","scripts/performance/Measure-ThemeConversion.ps1","Reproduced 2026-09-05; fresh converter/run; .NET 10.0.11; output count 224; GC0/1/2 was 0/run"
"UI-THEME-CONVERT-001","FWM-PERF-20260905-4fb943b-tree48c574b-u3","fixed production-shaped ThemeEngine CSS conversion; empty custom CSS","Release; net10.0-windows10.0.18362.0; x64; no debugger/profiler; 3 warmups; forced GC outside timed regions; assembly sha256=2550730b423ba16c729572193fe29b7e7b45c44bd0b51bd4d2ab9020467211f0; html sha256=d12a96805de60a3ff2df2c5e5450bd559d9cfea826681a7e86d049010f1ddadd; css sha256=4b9aba64593667689d8ff551043713d2aee4e9f29ccdc9be492daf0cbfa1b929","0","gen0_collections","count/run","7","0","1","GC.CollectionCount","scripts/performance/Measure-ThemeConversion.ps1","Reproduced 2026-09-05; fresh converter/run; .NET 10.0.11; output count 224; GC0/1/2 was 0/run"
"UI-THEME-CONVERT-001","FWM-PERF-20260905-4fb943b-tree48c574b-u3","fixed production-shaped ThemeEngine CSS conversion; empty custom CSS","Release; net10.0-windows10.0.18362.0; x64; no debugger/profiler; 3 warmups; forced GC outside timed regions; assembly sha256=2550730b423ba16c729572193fe29b7e7b45c44bd0b51bd4d2ab9020467211f0; html sha256=d12a96805de60a3ff2df2c5e5450bd559d9cfea826681a7e86d049010f1ddadd; css sha256=4b9aba64593667689d8ff551043713d2aee4e9f29ccdc9be492daf0cbfa1b929","0","gen1_collections","count/run","7","0","1","GC.CollectionCount","scripts/performance/Measure-ThemeConversion.ps1","Reproduced 2026-09-05; fresh converter/run; .NET 10.0.11; output count 224; GC0/1/2 was 0/run"
"UI-THEME-CONVERT-001","FWM-PERF-20260905-4fb943b-tree48c574b-u3","fixed production-shaped ThemeEngine CSS conversion; empty custom CSS","Release; net10.0-windows10.0.18362.0; x64; no debugger/profiler; 3 warmups; forced GC outside timed regions; assembly sha256=2550730b423ba16c729572193fe29b7e7b45c44bd0b51bd4d2ab9020467211f0; html sha256=d12a96805de60a3ff2df2c5e5450bd559d9cfea826681a7e86d049010f1ddadd; css sha256=4b9aba64593667689d8ff551043713d2aee4e9f29ccdc9be492daf0cbfa1b929","0","gen2_collections","count/run","7","0","1","GC.CollectionCount","scripts/performance/Measure-ThemeConversion.ps1","Reproduced 2026-09-05; fresh converter/run; .NET 10.0.11; output count 224; GC0/1/2 was 0/run"
"UI-THEME-CONVERT-001","FWM-PERF-20260905-4fb943b-tree48c574b-u3","fixed production-shaped ThemeEngine CSS conversion; empty custom CSS","Release; net10.0-windows10.0.18362.0; x64; no debugger/profiler; 3 warmups; forced GC outside timed regions; assembly sha256=2550730b423ba16c729572193fe29b7e7b45c44bd0b51bd4d2ab9020467211f0; html sha256=d12a96805de60a3ff2df2c5e5450bd559d9cfea826681a7e86d049010f1ddadd; css sha256=4b9aba64593667689d8ff551043713d2aee4e9f29ccdc9be492daf0cbfa1b929","0","elapsed","ms","8","11.81","1","System.Diagnostics.Stopwatch","scripts/performance/Measure-ThemeConversion.ps1","Reproduced 2026-09-05; fresh converter/run; .NET 10.0.11; output count 224; GC0/1/2 was 0/run"
"UI-THEME-CONVERT-001","FWM-PERF-20260905-4fb943b-tree48c574b-u3","fixed production-shaped ThemeEngine CSS conversion; empty custom CSS","Release; net10.0-windows10.0.18362.0; x64; no debugger/profiler; 3 warmups; forced GC outside timed regions; assembly sha256=2550730b423ba16c729572193fe29b7e7b45c44bd0b51bd4d2ab9020467211f0; html sha256=d12a96805de60a3ff2df2c5e5450bd559d9cfea826681a7e86d049010f1ddadd; css sha256=4b9aba64593667689d8ff551043713d2aee4e9f29ccdc9be492daf0cbfa1b929","0","managed_allocated","bytes/apply","8","3084040","1","GC.GetTotalAllocatedBytes(precise=true)","scripts/performance/Measure-ThemeConversion.ps1","Reproduced 2026-09-05; fresh converter/run; .NET 10.0.11; output count 224; GC0/1/2 was 0/run"
"UI-THEME-CONVERT-001","FWM-PERF-20260905-4fb943b-tree48c574b-u3","fixed production-shaped ThemeEngine CSS conversion; empty custom CSS","Release; net10.0-windows10.0.18362.0; x64; no debugger/profiler; 3 warmups; forced GC outside timed regions; assembly sha256=2550730b423ba16c729572193fe29b7e7b45c44bd0b51bd4d2ab9020467211f0; html sha256=d12a96805de60a3ff2df2c5e5450bd559d9cfea826681a7e86d049010f1ddadd; css sha256=4b9aba64593667689d8ff551043713d2aee4e9f29ccdc9be492daf0cbfa1b929","0","resource_dictionary_entries","count/apply","8","224","1","IReadOnlyDictionary.Count","scripts/performance/Measure-ThemeConversion.ps1","Reproduced 2026-09-05; fresh converter/run; .NET 10.0.11; output count 224; GC0/1/2 was 0/run"
"UI-THEME-CONVERT-001","FWM-PERF-20260905-4fb943b-tree48c574b-u3","fixed production-shaped ThemeEngine CSS conversion; empty custom CSS","Release; net10.0-windows10.0.18362.0; x64; no debugger/profiler; 3 warmups; forced GC outside timed regions; assembly sha256=2550730b423ba16c729572193fe29b7e7b45c44bd0b51bd4d2ab9020467211f0; html sha256=d12a96805de60a3ff2df2c5e5450bd559d9cfea826681a7e86d049010f1ddadd; css sha256=4b9aba64593667689d8ff551043713d2aee4e9f29ccdc9be492daf0cbfa1b929","0","gen0_collections","count/run","8","0","1","GC.CollectionCount","scripts/performance/Measure-ThemeConversion.ps1","Reproduced 2026-09-05; fresh converter/run; .NET 10.0.11; output count 224; GC0/1/2 was 0/run"
"UI-THEME-CONVERT-001","FWM-PERF-20260905-4fb943b-tree48c574b-u3","fixed production-shaped ThemeEngine CSS conversion; empty custom CSS","Release; net10.0-windows10.0.18362.0; x64; no debugger/profiler; 3 warmups; forced GC outside timed regions; assembly sha256=2550730b423ba16c729572193fe29b7e7b45c44bd0b51bd4d2ab9020467211f0; html sha256=d12a96805de60a3ff2df2c5e5450bd559d9cfea826681a7e86d049010f1ddadd; css sha256=4b9aba64593667689d8ff551043713d2aee4e9f29ccdc9be492daf0cbfa1b929","0","gen1_collections","count/run","8","0","1","GC.CollectionCount","scripts/performance/Measure-ThemeConversion.ps1","Reproduced 2026-09-05; fresh converter/run; .NET 10.0.11; output count 224; GC0/1/2 was 0/run"
"UI-THEME-CONVERT-001","FWM-PERF-20260905-4fb943b-tree48c574b-u3","fixed production-shaped ThemeEngine CSS conversion; empty custom CSS","Release; net10.0-windows10.0.18362.0; x64; no debugger/profiler; 3 warmups; forced GC outside timed regions; assembly sha256=2550730b423ba16c729572193fe29b7e7b45c44bd0b51bd4d2ab9020467211f0; html sha256=d12a96805de60a3ff2df2c5e5450bd559d9cfea826681a7e86d049010f1ddadd; css sha256=4b9aba64593667689d8ff551043713d2aee4e9f29ccdc9be492daf0cbfa1b929","0","gen2_collections","count/run","8","0","1","GC.CollectionCount","scripts/performance/Measure-ThemeConversion.ps1","Reproduced 2026-09-05; fresh converter/run; .NET 10.0.11; output count 224; GC0/1/2 was 0/run"
"UI-THEME-CONVERT-001","FWM-PERF-20260905-4fb943b-tree48c574b-u3","fixed production-shaped ThemeEngine CSS conversion; empty custom CSS","Release; net10.0-windows10.0.18362.0; x64; no debugger/profiler; 3 warmups; forced GC outside timed regions; assembly sha256=2550730b423ba16c729572193fe29b7e7b45c44bd0b51bd4d2ab9020467211f0; html sha256=d12a96805de60a3ff2df2c5e5450bd559d9cfea826681a7e86d049010f1ddadd; css sha256=4b9aba64593667689d8ff551043713d2aee4e9f29ccdc9be492daf0cbfa1b929","0","elapsed","ms","9","12.59","1","System.Diagnostics.Stopwatch","scripts/performance/Measure-ThemeConversion.ps1","Reproduced 2026-09-05; fresh converter/run; .NET 10.0.11; output count 224; GC0/1/2 was 0/run"
"UI-THEME-CONVERT-001","FWM-PERF-20260905-4fb943b-tree48c574b-u3","fixed production-shaped ThemeEngine CSS conversion; empty custom CSS","Release; net10.0-windows10.0.18362.0; x64; no debugger/profiler; 3 warmups; forced GC outside timed regions; assembly sha256=2550730b423ba16c729572193fe29b7e7b45c44bd0b51bd4d2ab9020467211f0; html sha256=d12a96805de60a3ff2df2c5e5450bd559d9cfea826681a7e86d049010f1ddadd; css sha256=4b9aba64593667689d8ff551043713d2aee4e9f29ccdc9be492daf0cbfa1b929","0","managed_allocated","bytes/apply","9","3084048","1","GC.GetTotalAllocatedBytes(precise=true)","scripts/performance/Measure-ThemeConversion.ps1","Reproduced 2026-09-05; fresh converter/run; .NET 10.0.11; output count 224; GC0/1/2 was 0/run"
"UI-THEME-CONVERT-001","FWM-PERF-20260905-4fb943b-tree48c574b-u3","fixed production-shaped ThemeEngine CSS conversion; empty custom CSS","Release; net10.0-windows10.0.18362.0; x64; no debugger/profiler; 3 warmups; forced GC outside timed regions; assembly sha256=2550730b423ba16c729572193fe29b7e7b45c44bd0b51bd4d2ab9020467211f0; html sha256=d12a96805de60a3ff2df2c5e5450bd559d9cfea826681a7e86d049010f1ddadd; css sha256=4b9aba64593667689d8ff551043713d2aee4e9f29ccdc9be492daf0cbfa1b929","0","resource_dictionary_entries","count/apply","9","224","1","IReadOnlyDictionary.Count","scripts/performance/Measure-ThemeConversion.ps1","Reproduced 2026-09-05; fresh converter/run; .NET 10.0.11; output count 224; GC0/1/2 was 0/run"
"UI-THEME-CONVERT-001","FWM-PERF-20260905-4fb943b-tree48c574b-u3","fixed production-shaped ThemeEngine CSS conversion; empty custom CSS","Release; net10.0-windows10.0.18362.0; x64; no debugger/profiler; 3 warmups; forced GC outside timed regions; assembly sha256=2550730b423ba16c729572193fe29b7e7b45c44bd0b51bd4d2ab9020467211f0; html sha256=d12a96805de60a3ff2df2c5e5450bd559d9cfea826681a7e86d049010f1ddadd; css sha256=4b9aba64593667689d8ff551043713d2aee4e9f29ccdc9be492daf0cbfa1b929","0","gen0_collections","count/run","9","0","1","GC.CollectionCount","scripts/performance/Measure-ThemeConversion.ps1","Reproduced 2026-09-05; fresh converter/run; .NET 10.0.11; output count 224; GC0/1/2 was 0/run"
"UI-THEME-CONVERT-001","FWM-PERF-20260905-4fb943b-tree48c574b-u3","fixed production-shaped ThemeEngine CSS conversion; empty custom CSS","Release; net10.0-windows10.0.18362.0; x64; no debugger/profiler; 3 warmups; forced GC outside timed regions; assembly sha256=2550730b423ba16c729572193fe29b7e7b45c44bd0b51bd4d2ab9020467211f0; html sha256=d12a96805de60a3ff2df2c5e5450bd559d9cfea826681a7e86d049010f1ddadd; css sha256=4b9aba64593667689d8ff551043713d2aee4e9f29ccdc9be492daf0cbfa1b929","0","gen1_collections","count/run","9","0","1","GC.CollectionCount","scripts/performance/Measure-ThemeConversion.ps1","Reproduced 2026-09-05; fresh converter/run; .NET 10.0.11; output count 224; GC0/1/2 was 0/run"
"UI-THEME-CONVERT-001","FWM-PERF-20260905-4fb943b-tree48c574b-u3","fixed production-shaped ThemeEngine CSS conversion; empty custom CSS","Release; net10.0-windows10.0.18362.0; x64; no debugger/profiler; 3 warmups; forced GC outside timed regions; assembly sha256=2550730b423ba16c729572193fe29b7e7b45c44bd0b51bd4d2ab9020467211f0; html sha256=d12a96805de60a3ff2df2c5e5450bd559d9cfea826681a7e86d049010f1ddadd; css sha256=4b9aba64593667689d8ff551043713d2aee4e9f29ccdc9be492daf0cbfa1b929","0","gen2_collections","count/run","9","0","1","GC.CollectionCount","scripts/performance/Measure-ThemeConversion.ps1","Reproduced 2026-09-05; fresh converter/run; .NET 10.0.11; output count 224; GC0/1/2 was 0/run"
"UI-THEME-CONVERT-001","FWM-PERF-20260905-4fb943b-tree48c574b-u3","fixed production-shaped ThemeEngine CSS conversion; empty custom CSS","Release; net10.0-windows10.0.18362.0; x64; no debugger/profiler; 3 warmups; forced GC outside timed regions; assembly sha256=2550730b423ba16c729572193fe29b7e7b45c44bd0b51bd4d2ab9020467211f0; html sha256=d12a96805de60a3ff2df2c5e5450bd559d9cfea826681a7e86d049010f1ddadd; css sha256=4b9aba64593667689d8ff551043713d2aee4e9f29ccdc9be492daf0cbfa1b929","0","elapsed","ms","10","12.367","1","System.Diagnostics.Stopwatch","scripts/performance/Measure-ThemeConversion.ps1","Reproduced 2026-09-05; fresh converter/run; .NET 10.0.11; output count 224; GC0/1/2 was 0/run"
"UI-THEME-CONVERT-001","FWM-PERF-20260905-4fb943b-tree48c574b-u3","fixed production-shaped ThemeEngine CSS conversion; empty custom CSS","Release; net10.0-windows10.0.18362.0; x64; no debugger/profiler; 3 warmups; forced GC outside timed regions; assembly sha256=2550730b423ba16c729572193fe29b7e7b45c44bd0b51bd4d2ab9020467211f0; html sha256=d12a96805de60a3ff2df2c5e5450bd559d9cfea826681a7e86d049010f1ddadd; css sha256=4b9aba64593667689d8ff551043713d2aee4e9f29ccdc9be492daf0cbfa1b929","0","managed_allocated","bytes/apply","10","3084056","1","GC.GetTotalAllocatedBytes(precise=true)","scripts/performance/Measure-ThemeConversion.ps1","Reproduced 2026-09-05; fresh converter/run; .NET 10.0.11; output count 224; GC0/1/2 was 0/run"
"UI-THEME-CONVERT-001","FWM-PERF-20260905-4fb943b-tree48c574b-u3","fixed production-shaped ThemeEngine CSS conversion; empty custom CSS","Release; net10.0-windows10.0.18362.0; x64; no debugger/profiler; 3 warmups; forced GC outside timed regions; assembly sha256=2550730b423ba16c729572193fe29b7e7b45c44bd0b51bd4d2ab9020467211f0; html sha256=d12a96805de60a3ff2df2c5e5450bd559d9cfea826681a7e86d049010f1ddadd; css sha256=4b9aba64593667689d8ff551043713d2aee4e9f29ccdc9be492daf0cbfa1b929","0","resource_dictionary_entries","count/apply","10","224","1","IReadOnlyDictionary.Count","scripts/performance/Measure-ThemeConversion.ps1","Reproduced 2026-09-05; fresh converter/run; .NET 10.0.11; output count 224; GC0/1/2 was 0/run"
"UI-THEME-CONVERT-001","FWM-PERF-20260905-4fb943b-tree48c574b-u3","fixed production-shaped ThemeEngine CSS conversion; empty custom CSS","Release; net10.0-windows10.0.18362.0; x64; no debugger/profiler; 3 warmups; forced GC outside timed regions; assembly sha256=2550730b423ba16c729572193fe29b7e7b45c44bd0b51bd4d2ab9020467211f0; html sha256=d12a96805de60a3ff2df2c5e5450bd559d9cfea826681a7e86d049010f1ddadd; css sha256=4b9aba64593667689d8ff551043713d2aee4e9f29ccdc9be492daf0cbfa1b929","0","gen0_collections","count/run","10","0","1","GC.CollectionCount","scripts/performance/Measure-ThemeConversion.ps1","Reproduced 2026-09-05; fresh converter/run; .NET 10.0.11; output count 224; GC0/1/2 was 0/run"
"UI-THEME-CONVERT-001","FWM-PERF-20260905-4fb943b-tree48c574b-u3","fixed production-shaped ThemeEngine CSS conversion; empty custom CSS","Release; net10.0-windows10.0.18362.0; x64; no debugger/profiler; 3 warmups; forced GC outside timed regions; assembly sha256=2550730b423ba16c729572193fe29b7e7b45c44bd0b51bd4d2ab9020467211f0; html sha256=d12a96805de60a3ff2df2c5e5450bd559d9cfea826681a7e86d049010f1ddadd; css sha256=4b9aba64593667689d8ff551043713d2aee4e9f29ccdc9be492daf0cbfa1b929","0","gen1_collections","count/run","10","0","1","GC.CollectionCount","scripts/performance/Measure-ThemeConversion.ps1","Reproduced 2026-09-05; fresh converter/run; .NET 10.0.11; output count 224; GC0/1/2 was 0/run"
"UI-THEME-CONVERT-001","FWM-PERF-20260905-4fb943b-tree48c574b-u3","fixed production-shaped ThemeEngine CSS conversion; empty custom CSS","Release; net10.0-windows10.0.18362.0; x64; no debugger/profiler; 3 warmups; forced GC outside timed regions; assembly sha256=2550730b423ba16c729572193fe29b7e7b45c44bd0b51bd4d2ab9020467211f0; html sha256=d12a96805de60a3ff2df2c5e5450bd559d9cfea826681a7e86d049010f1ddadd; css sha256=4b9aba64593667689d8ff551043713d2aee4e9f29ccdc9be492daf0cbfa1b929","0","gen2_collections","count/run","10","0","1","GC.CollectionCount","scripts/performance/Measure-ThemeConversion.ps1","Reproduced 2026-09-05; fresh converter/run; .NET 10.0.11; output count 224; GC0/1/2 was 0/run"
"UI-THEME-CONVERT-001","FWM-PERF-20260905-4fb943b-tree48c574b-u3","fixed production-shaped ThemeEngine CSS conversion; empty custom CSS","Release; net10.0-windows10.0.18362.0; x64; no debugger/profiler; 3 warmups; forced GC outside timed regions; assembly sha256=2550730b423ba16c729572193fe29b7e7b45c44bd0b51bd4d2ab9020467211f0; html sha256=d12a96805de60a3ff2df2c5e5450bd559d9cfea826681a7e86d049010f1ddadd; css sha256=4b9aba64593667689d8ff551043713d2aee4e9f29ccdc9be492daf0cbfa1b929","0","elapsed","ms","11","12.178","1","System.Diagnostics.Stopwatch","scripts/performance/Measure-ThemeConversion.ps1","Reproduced 2026-09-05; fresh converter/run; .NET 10.0.11; output count 224; GC0/1/2 was 0/run"
"UI-THEME-CONVERT-001","FWM-PERF-20260905-4fb943b-tree48c574b-u3","fixed production-shaped ThemeEngine CSS conversion; empty custom CSS","Release; net10.0-windows10.0.18362.0; x64; no debugger/profiler; 3 warmups; forced GC outside timed regions; assembly sha256=2550730b423ba16c729572193fe29b7e7b45c44bd0b51bd4d2ab9020467211f0; html sha256=d12a96805de60a3ff2df2c5e5450bd559d9cfea826681a7e86d049010f1ddadd; css sha256=4b9aba64593667689d8ff551043713d2aee4e9f29ccdc9be492daf0cbfa1b929","0","managed_allocated","bytes/apply","11","3084056","1","GC.GetTotalAllocatedBytes(precise=true)","scripts/performance/Measure-ThemeConversion.ps1","Reproduced 2026-09-05; fresh converter/run; .NET 10.0.11; output count 224; GC0/1/2 was 0/run"
"UI-THEME-CONVERT-001","FWM-PERF-20260905-4fb943b-tree48c574b-u3","fixed production-shaped ThemeEngine CSS conversion; empty custom CSS","Release; net10.0-windows10.0.18362.0; x64; no debugger/profiler; 3 warmups; forced GC outside timed regions; assembly sha256=2550730b423ba16c729572193fe29b7e7b45c44bd0b51bd4d2ab9020467211f0; html sha256=d12a96805de60a3ff2df2c5e5450bd559d9cfea826681a7e86d049010f1ddadd; css sha256=4b9aba64593667689d8ff551043713d2aee4e9f29ccdc9be492daf0cbfa1b929","0","resource_dictionary_entries","count/apply","11","224","1","IReadOnlyDictionary.Count","scripts/performance/Measure-ThemeConversion.ps1","Reproduced 2026-09-05; fresh converter/run; .NET 10.0.11; output count 224; GC0/1/2 was 0/run"
"UI-THEME-CONVERT-001","FWM-PERF-20260905-4fb943b-tree48c574b-u3","fixed production-shaped ThemeEngine CSS conversion; empty custom CSS","Release; net10.0-windows10.0.18362.0; x64; no debugger/profiler; 3 warmups; forced GC outside timed regions; assembly sha256=2550730b423ba16c729572193fe29b7e7b45c44bd0b51bd4d2ab9020467211f0; html sha256=d12a96805de60a3ff2df2c5e5450bd559d9cfea826681a7e86d049010f1ddadd; css sha256=4b9aba64593667689d8ff551043713d2aee4e9f29ccdc9be492daf0cbfa1b929","0","gen0_collections","count/run","11","0","1","GC.CollectionCount","scripts/performance/Measure-ThemeConversion.ps1","Reproduced 2026-09-05; fresh converter/run; .NET 10.0.11; output count 224; GC0/1/2 was 0/run"
"UI-THEME-CONVERT-001","FWM-PERF-20260905-4fb943b-tree48c574b-u3","fixed production-shaped ThemeEngine CSS conversion; empty custom CSS","Release; net10.0-windows10.0.18362.0; x64; no debugger/profiler; 3 warmups; forced GC outside timed regions; assembly sha256=2550730b423ba16c729572193fe29b7e7b45c44bd0b51bd4d2ab9020467211f0; html sha256=d12a96805de60a3ff2df2c5e5450bd559d9cfea826681a7e86d049010f1ddadd; css sha256=4b9aba64593667689d8ff551043713d2aee4e9f29ccdc9be492daf0cbfa1b929","0","gen1_collections","count/run","11","0","1","GC.CollectionCount","scripts/performance/Measure-ThemeConversion.ps1","Reproduced 2026-09-05; fresh converter/run; .NET 10.0.11; output count 224; GC0/1/2 was 0/run"
"UI-THEME-CONVERT-001","FWM-PERF-20260905-4fb943b-tree48c574b-u3","fixed production-shaped ThemeEngine CSS conversion; empty custom CSS","Release; net10.0-windows10.0.18362.0; x64; no debugger/profiler; 3 warmups; forced GC outside timed regions; assembly sha256=2550730b423ba16c729572193fe29b7e7b45c44bd0b51bd4d2ab9020467211f0; html sha256=d12a96805de60a3ff2df2c5e5450bd559d9cfea826681a7e86d049010f1ddadd; css sha256=4b9aba64593667689d8ff551043713d2aee4e9f29ccdc9be492daf0cbfa1b929","0","gen2_collections","count/run","11","0","1","GC.CollectionCount","scripts/performance/Measure-ThemeConversion.ps1","Reproduced 2026-09-05; fresh converter/run; .NET 10.0.11; output count 224; GC0/1/2 was 0/run"
"UI-THEME-CONVERT-001","FWM-PERF-20260905-4fb943b-tree48c574b-u3","fixed production-shaped ThemeEngine CSS conversion; empty custom CSS","Release; net10.0-windows10.0.18362.0; x64; no debugger/profiler; 3 warmups; forced GC outside timed regions; assembly sha256=2550730b423ba16c729572193fe29b7e7b45c44bd0b51bd4d2ab9020467211f0; html sha256=d12a96805de60a3ff2df2c5e5450bd559d9cfea826681a7e86d049010f1ddadd; css sha256=4b9aba64593667689d8ff551043713d2aee4e9f29ccdc9be492daf0cbfa1b929","0","elapsed","ms","12","12.091","1","System.Diagnostics.Stopwatch","scripts/performance/Measure-ThemeConversion.ps1","Reproduced 2026-09-05; fresh converter/run; .NET 10.0.11; output count 224; GC0/1/2 was 0/run"
"UI-THEME-CONVERT-001","FWM-PERF-20260905-4fb943b-tree48c574b-u3","fixed production-shaped ThemeEngine CSS conversion; empty custom CSS","Release; net10.0-windows10.0.18362.0; x64; no debugger/profiler; 3 warmups; forced GC outside timed regions; assembly sha256=2550730b423ba16c729572193fe29b7e7b45c44bd0b51bd4d2ab9020467211f0; html sha256=d12a96805de60a3ff2df2c5e5450bd559d9cfea826681a7e86d049010f1ddadd; css sha256=4b9aba64593667689d8ff551043713d2aee4e9f29ccdc9be492daf0cbfa1b929","0","managed_allocated","bytes/apply","12","3084056","1","GC.GetTotalAllocatedBytes(precise=true)","scripts/performance/Measure-ThemeConversion.ps1","Reproduced 2026-09-05; fresh converter/run; .NET 10.0.11; output count 224; GC0/1/2 was 0/run"
"UI-THEME-CONVERT-001","FWM-PERF-20260905-4fb943b-tree48c574b-u3","fixed production-shaped ThemeEngine CSS conversion; empty custom CSS","Release; net10.0-windows10.0.18362.0; x64; no debugger/profiler; 3 warmups; forced GC outside timed regions; assembly sha256=2550730b423ba16c729572193fe29b7e7b45c44bd0b51bd4d2ab9020467211f0; html sha256=d12a96805de60a3ff2df2c5e5450bd559d9cfea826681a7e86d049010f1ddadd; css sha256=4b9aba64593667689d8ff551043713d2aee4e9f29ccdc9be492daf0cbfa1b929","0","resource_dictionary_entries","count/apply","12","224","1","IReadOnlyDictionary.Count","scripts/performance/Measure-ThemeConversion.ps1","Reproduced 2026-09-05; fresh converter/run; .NET 10.0.11; output count 224; GC0/1/2 was 0/run"
"UI-THEME-CONVERT-001","FWM-PERF-20260905-4fb943b-tree48c574b-u3","fixed production-shaped ThemeEngine CSS conversion; empty custom CSS","Release; net10.0-windows10.0.18362.0; x64; no debugger/profiler; 3 warmups; forced GC outside timed regions; assembly sha256=2550730b423ba16c729572193fe29b7e7b45c44bd0b51bd4d2ab9020467211f0; html sha256=d12a96805de60a3ff2df2c5e5450bd559d9cfea826681a7e86d049010f1ddadd; css sha256=4b9aba64593667689d8ff551043713d2aee4e9f29ccdc9be492daf0cbfa1b929","0","gen0_collections","count/run","12","0","1","GC.CollectionCount","scripts/performance/Measure-ThemeConversion.ps1","Reproduced 2026-09-05; fresh converter/run; .NET 10.0.11; output count 224; GC0/1/2 was 0/run"
"UI-THEME-CONVERT-001","FWM-PERF-20260905-4fb943b-tree48c574b-u3","fixed production-shaped ThemeEngine CSS conversion; empty custom CSS","Release; net10.0-windows10.0.18362.0; x64; no debugger/profiler; 3 warmups; forced GC outside timed regions; assembly sha256=2550730b423ba16c729572193fe29b7e7b45c44bd0b51bd4d2ab9020467211f0; html sha256=d12a96805de60a3ff2df2c5e5450bd559d9cfea826681a7e86d049010f1ddadd; css sha256=4b9aba64593667689d8ff551043713d2aee4e9f29ccdc9be492daf0cbfa1b929","0","gen1_collections","count/run","12","0","1","GC.CollectionCount","scripts/performance/Measure-ThemeConversion.ps1","Reproduced 2026-09-05; fresh converter/run; .NET 10.0.11; output count 224; GC0/1/2 was 0/run"
"UI-THEME-CONVERT-001","FWM-PERF-20260905-4fb943b-tree48c574b-u3","fixed production-shaped ThemeEngine CSS conversion; empty custom CSS","Release; net10.0-windows10.0.18362.0; x64; no debugger/profiler; 3 warmups; forced GC outside timed regions; assembly sha256=2550730b423ba16c729572193fe29b7e7b45c44bd0b51bd4d2ab9020467211f0; html sha256=d12a96805de60a3ff2df2c5e5450bd559d9cfea826681a7e86d049010f1ddadd; css sha256=4b9aba64593667689d8ff551043713d2aee4e9f29ccdc9be492daf0cbfa1b929","0","gen2_collections","count/run","12","0","1","GC.CollectionCount","scripts/performance/Measure-ThemeConversion.ps1","Reproduced 2026-09-05; fresh converter/run; .NET 10.0.11; output count 224; GC0/1/2 was 0/run"
